Time,Day_of_week,Age_band_of_driver,Sex_of_driver,Educational_level,Vehicle_driver_relation,Driving_experience,Type_of_vehicle,Owner_of_vehicle,Service_year_of_vehicle,Defect_of_vehicle,Area_accident_occured,Lanes_or_Medians,Road_allignment,Types_of_Junction,Road_surface_type,Road_surface_conditions,Light_conditions,Weather_conditions,Type_of_collision,Number_of_vehicles_involved,Number_of_casualties,Vehicle_movement,Casualty_class,Sex_of_casualty,Age_band_of_casualty,Casualty_severity,Work_of_casuality,Fitness_of_casuality,Pedestrian_movement,Cause_of_accident,Accident_severity,Time_parsed,hour,minute,Is_night,Is_weekend,hotspot_cluster,is_hotspot,is_severe
7:40:00,Friday,Unknown,Male,Junior high school,Owner,5-10yr,,Owner,2-5yrs,No defect, Church areas,Undivided Two way,Tangent road with flat terrain,Y Shape,Asphalt roads,Dry,Daylight,Normal,Rollover,2,1,U-Turn,Driver or rider,Male,31-50,3,Other,Normal,Not a Pedestrian,Changing lane to the right,Slight Injury,1900-01-01 07:40:00,7,40,0,0,2,1,0
15:59:00,Monday,31-50,Male,,Owner,5-10yr,Automobile,Organization,5-10yrs,No defect, Hospital areas,Undivided Two way,Tangent road with mountainous terrain and,Crossing,Asphalt roads,Wet or damp,Daylight,Raining,Collision with roadside objects,2,1,Going straight,Pedestrian,Female,31-50,3,Driver,Normal,Unknown or other,No distancing,Slight Injury,1900-01-01 15:59:00,15,59,0,0,7,1,0
15:59:00,Monday,18-30,Male,Junior high school,Employee,5-10yr,Lorry (41?100Q),Owner,Above 10yr,No defect,Office areas,other,Tangent road with flat terrain,Crossing,Asphalt roads,Wet or damp,Daylight,Raining,Vehicle with vehicle collision,2,1,Going straight,Pedestrian,Female,Under 18,3,Driver,Normal,Not a Pedestrian,Moving Backward,Slight Injury,1900-01-01 15:59:00,15,59,0,0,0,1,0
17:35:00,Thursday,Over 51,Male,High school,Employee,2-5yr,Public (12 seats),Owner,2-5yrs,No defect,Other,Two-way (divided with broken lines road marking),Escarpments,No junction,Asphalt roads,Dry,Daylight,Normal,Collision with roadside objects,2,1,U-Turn,Passenger,Female,Over 51,3,Driver,Normal,Not a Pedestrian,Moving Backward,Slight Injury,1900-01-01 17:35:00,17,35,0,0,3,1,0
17:35:00,Thursday,18-30,Male,Above high school,Employee,5-10yr,Lorry (11?40Q),Owner,1-2yr,,Office areas,Undivided Two way,Tangent road with flat terrain,No junction,Asphalt roads,Dry,Daylight,Normal,Vehicle with vehicle collision,2,1,Stopping,na,na,na,na,Driver,Normal,Not a Pedestrian,No distancing,Slight Injury,1900-01-01 17:35:00,17,35,0,0,10,1,0
19:00:00,Sunday,31-50,Male,Junior high school,Employee,Above 10yr,Automobile,Owner,2-5yrs,,Office areas,Two-way (divided with broken lines road marking),Tangent road with mountainous terrain and,No junction,Asphalt roads,Dry,Daylight,Normal,Vehicle with vehicle collision,2,2,Going straight,Pedestrian,Male,Over 51,3,Driver,Normal,Not a Pedestrian,No distancing,Slight Injury,1900-01-01 19:00:00,19,0,0,1,16,1,0
19:00:00,Sunday,31-50,Male,Junior high school,Employee,Below 1yr,Automobile,Owner,,No defect,Other,Double carriageway (median),Steep grade downward with mountainous terrain,No junction,Asphalt roads,Dry,Daylight,Normal,Vehicle with vehicle collision,2,2,Moving Backward,Driver or rider,Male,Over 51,3,Driver,Normal,Not a Pedestrian,No distancing,Slight Injury,1900-01-01 19:00:00,19,0,0,1,36,1,0
19:00:00,Sunday,31-50,Male,Elementary school,Employee,5-10yr,Automobile,Owner,1-2yr,No defect,Office areas,Undivided Two way,Tangent road with mild grade and flat terrain,No junction,Asphalt roads,Dry,Daylight,Normal,Vehicle with vehicle collision,2,2,Getting off,na,na,na,na,Driver,Normal,Not a Pedestrian,No priority to pedestrian,Slight Injury,1900-01-01 19:00:00,19,0,0,1,5,1,0
11:30:00,Thursday,18-30,Male,Elementary school,Employee,2-5yr,Bajaj,Owner,,No defect,Residential areas,Undivided Two way,Tangent road with flat terrain,Y Shape,Asphalt roads,Dry,Daylight,Normal,Vehicle with vehicle collision,2,1,Going straight,Driver or rider,Male,18-30,3,Driver,Normal,Not a Pedestrian,Driving carelessly,Slight Injury,1900-01-01 11:30:00,11,30,0,0,0,1,0
11:30:00,Thursday,18-30,Male,Junior high school,Employee,2-5yr,Public (12 seats),Owner,Unknown,,Other,Two-way (divided with broken lines road marking),Tangent road with flat terrain,Y Shape,Asphalt roads,Dry,Daylight,Normal,Collision with roadside objects,2,1,Going straight,na,na,na,na,Student,Normal,Not a Pedestrian,Changing lane to the right,Slight Injury,1900-01-01 11:30:00,11,30,0,0,0,1,0
22:15:00,Wednesday,18-30,Male,Junior high school,Employee,1-2yr,Lorry (11?40Q),Owner,2-5yrs,,Office areas,Double carriageway (median),Tangent road with flat terrain,Y Shape,Asphalt roads,Dry,Darkness - lights lit,Normal,Vehicle with vehicle collision,2,2,Turnover,Driver or rider,Male,31-50,3,,,Not a Pedestrian,Changing lane to the left,Slight Injury,1900-01-01 22:15:00,22,15,1,0,40,1,0
22:15:00,Wednesday,18-30,Male,Junior high school,Employee,2-5yr,,Owner,5-10yrs,,Office areas,Undivided Two way,Tangent road with mountainous terrain and,Y Shape,Asphalt roads,Dry,Darkness - lights lit,Normal,Collision with roadside objects,2,2,Moving Backward,na,na,na,na,,,Not a Pedestrian,Driving carelessly,Slight Injury,1900-01-01 22:15:00,22,15,1,0,40,1,0
11:39:00,Tuesday,Over 51,Male,Junior high school,Employee,2-5yr,,,,,Office areas,other,Tangent road with flat terrain,Crossing,Asphalt roads,Wet or damp,Daylight,Raining,Vehicle with vehicle collision,2,1,Going straight,Pedestrian,Male,18-30,2,,Normal,Unknown or other,Driving carelessly,Slight Injury,1900-01-01 11:39:00,11,39,0,0,0,1,0
11:39:00,Tuesday,18-30,Male,Junior high school,Employee,Above 10yr,Automobile,Owner,5-10yrs,No defect,Other,Two-way (divided with broken lines road marking),Tangent road with mild grade and flat terrain,Crossing,Earth roads,Wet or damp,Daylight,Raining,Vehicle with vehicle collision,2,1,Moving Backward,na,na,na,na,Driver,Normal,Not a Pedestrian,No distancing,Slight Injury,1900-01-01 11:39:00,11,39,0,0,-1,0,0
16:58:00,Monday,18-30,Male,High school,Employee,Below 1yr,Lorry (11?40Q),Owner,,No defect, Church areas,Undivided Two way,Tangent road with flat terrain,Y Shape,Asphalt roads,Wet or damp,Daylight,Raining,Vehicle with vehicle collision,2,1,Going straight,Driver or rider,Female,31-50,3,Driver,Normal,Not a Pedestrian,Other,Slight Injury,1900-01-01 16:58:00,16,58,0,0,0,1,0
16:58:00,Monday,31-50,Male,Junior high school,Employee,2-5yr,Lorry (41?100Q),Owner,Unknown,No defect, Industrial areas,Undivided Two way,Tangent road with flat terrain,Y Shape,Asphalt roads,Wet or damp,Daylight,Raining,Vehicle with vehicle collision,2,1,,Passenger,Female,Under 18,3,,,Not a Pedestrian,Changing lane to the right,Slight Injury,1900-01-01 16:58:00,16,58,0,0,3,1,0
9:35:00,Wednesday,31-50,Male,High school,Employee,Above 10yr,Pick up upto 10Q,Owner,1-2yr,No defect,Office areas,Double carriageway (median),Tangent road with flat terrain,Other,Asphalt roads,Dry,Daylight,Unknown,Vehicle with vehicle collision,1,1,Going straight,na,na,na,na,,,Not a Pedestrian,Changing lane to the right,Slight Injury,1900-01-01 09:35:00,9,35,0,0,0,1,0
17:50:00,Friday,18-30,Male,Junior high school,Employee,Above 10yr,Lorry (11?40Q),Owner,Unknown,No defect, Church areas,Undivided Two way,Tangent road with flat terrain,Crossing,Asphalt roads,Dry,Daylight,Normal,Vehicle with vehicle collision,3,2,,Driver or rider,Female,18-30,3,,,Not a Pedestrian,No distancing,Slight Injury,1900-01-01 17:50:00,17,50,0,0,-1,0,0
17:50:00,Friday,31-50,Male,High school,Employee,5-10yr,Stationwagen,Owner,,,Office areas,Undivided Two way,Tangent road with flat terrain,Crossing,Asphalt roads,Dry,Daylight,Normal,Vehicle with vehicle collision,3,2,Going straight,Driver or rider,Male,Over 51,3,,,Not a Pedestrian,No distancing,Slight Injury,1900-01-01 17:50:00,17,50,0,0,48,1,0
17:50:00,Friday,31-50,Male,Junior high school,Employee,Above 10yr,Other,Owner,,No defect,Office areas,other,Tangent road with flat terrain,Crossing,Asphalt roads,Dry,Daylight,Normal,Vehicle with vehicle collision,3,2,,na,na,na,na,Driver,Normal,Not a Pedestrian,Overturning,Slight Injury,1900-01-01 17:50:00,17,50,0,0,20,1,0
4:56:00,Saturday,31-50,Male,Junior high school,Employee,1-2yr,Other,Owner,,,Residential areas,Two-way (divided with broken lines road marking),Tangent road with flat terrain,Crossing,Asphalt roads,Wet or damp,Darkness - lights lit,Raining,Vehicle with vehicle collision,1,1,Going straight,na,na,na,na,Driver,Normal,Not a Pedestrian,Driving at high speed,Slight Injury,1900-01-01 04:56:00,4,56,1,1,-1,0,0
8:00:00,Friday,18-30,Male,Junior high school,Employee,2-5yr,Lorry (11?40Q),Owner,5-10yrs,,Office areas,Two-way (divided with broken lines road marking),Tangent road with flat terrain,Y Shape,Asphalt roads,Dry,Daylight,Normal,Vehicle with vehicle collision,2,1,Going straight,Driver or rider,Male,31-50,3,Driver,Normal,Not a Pedestrian,No priority to vehicle,Slight Injury,1900-01-01 08:00:00,8,0,0,0,4,1,0
8:00:00,Friday,31-50,Male,Elementary school,Employee,2-5yr,,Owner,5-10yrs,,Residential areas,Undivided Two way,Tangent road with flat terrain,Y Shape,Asphalt roads,Dry,Daylight,Normal,Vehicle with vehicle collision,2,1,Going straight,na,na,na,na,Other,Normal,Not a Pedestrian,No priority to pedestrian,Slight Injury,1900-01-01 08:00:00,8,0,0,0,4,1,0
16:07:00,Friday,18-30,Male,Elementary school,Other,5-10yr,Automobile,Owner,2-5yrs,,Office areas,Double carriageway (median),Tangent road with flat terrain,Y Shape,Asphalt roads,Dry,Daylight,Normal,Rollover,2,1,Going straight,na,na,na,na,Driver,Normal,Not a Pedestrian,No priority to vehicle,Slight Injury,1900-01-01 16:07:00,16,7,0,0,4,1,0
16:07:00,Friday,31-50,Male,Junior high school,Employee,5-10yr,Lorry (41?100Q),Owner,2-5yrs,No defect,Office areas,Double carriageway (median),Tangent road with flat terrain,Y Shape,Asphalt roads,Dry,Daylight,Normal,Collision with roadside objects,2,1,Going straight,Pedestrian,Female,31-50,3,,,Not a Pedestrian,Other,Slight Injury,1900-01-01 16:07:00,16,7,0,0,4,1,0
16:10:00,Friday,18-30,Male,High school,Owner,5-10yr,Other,,,No defect,Other,Two-way (divided with broken lines road marking),Tangent road with flat terrain,Crossing,Asphalt roads,Dry,Daylight,Normal,Vehicle with vehicle collision,2,3,Other,na,na,na,na,Driver,Normal,Not a Pedestrian,Other,Slight Injury,1900-01-01 16:10:00,16,10,0,0,20,1,0
16:10:00,Friday,18-30,Male,Junior high school,Employee,Above 10yr,Lorry (41?100Q),Owner,Unknown,No defect,Other,Two-way (divided with broken lines road marking),Tangent road with flat terrain,Crossing,Asphalt roads,Dry,Daylight,Normal,Vehicle with vehicle collision,2,3,Other,Driver or rider,Male,18-30,3,Driver,Normal,Not a Pedestrian,Moving Backward,Slight Injury,1900-01-01 16:10:00,16,10,0,0,20,1,0
16:10:00,Friday,18-30,Male,Junior high school,Employee,Below 1yr,Automobile,Owner,Above 10yr,No defect,Residential areas,Two-way (divided with broken lines road marking),Tangent road with flat terrain,Crossing,Asphalt roads,Dry,Daylight,Normal,Collision with roadside objects,2,3,Going straight,Driver or rider,Male,18-30,3,Unemployed,Normal,Not a Pedestrian,No distancing,Slight Injury,1900-01-01 16:10:00,16,10,0,0,48,1,0
16:10:00,Friday,18-30,Male,Junior high school,Other,Below 1yr,Pick up upto 10Q,Owner,Unknown,, Church areas,Two-way (divided with broken lines road marking),Tangent road with flat terrain,Crossing,Asphalt roads,Dry,Daylight,Normal,Vehicle with vehicle collision,2,3,Going straight,na,na,na,na,Driver,Normal,Not a Pedestrian,Moving Backward,Slight Injury,1900-01-01 16:10:00,16,10,0,0,15,1,0
10:00:00,Wednesday,Over 51,Male,Junior high school,Employee,Above 10yr,Lorry (41?100Q),Governmental,Unknown,No defect, Church areas,Double carriageway (median),Tangent road with flat terrain,Crossing,Asphalt roads,Dry,Daylight,Normal,Vehicle with vehicle collision,1,1,Getting off,na,na,na,na,Driver,Normal,Not a Pedestrian,No priority to vehicle,Slight Injury,1900-01-01 10:00:00,10,0,0,0,3,1,0
21:17:00,Saturday,Over 51,Male,High school,Owner,5-10yr,Public (13?45 seats),Owner,2-5yrs,No defect,Residential areas,Double carriageway (median),Tangent road with flat terrain,No junction,Asphalt roads,Dry,Darkness - lights lit,Normal,Vehicle with vehicle collision,2,4,Going straight,Driver or rider,Male,31-50,3,Driver,Normal,Not a Pedestrian,Driving carelessly,Serious Injury,1900-01-01 21:17:00,21,17,1,1,14,1,1
21:17:00,Saturday,Over 51,Male,Elementary school,Owner,5-10yr,Long lorry,Owner,,No defect,Office areas,Two-way (divided with broken lines road marking),Tangent road with mild grade and flat terrain,No junction,Asphalt roads,Dry,Darkness - lights lit,Normal,Rollover,2,4,Going straight,Passenger,Female,5,3,Driver,Normal,Not a Pedestrian,No distancing,Serious Injury,1900-01-01 21:17:00,21,17,1,1,-1,0,1
21:17:00,Saturday,Over 51,Male,Junior high school,Employee,2-5yr,Automobile,Owner,5-10yrs,No defect,Office areas,Two-way (divided with broken lines road marking),Tangent road with mild grade and flat terrain,No junction,Asphalt roads,Dry,Darkness - lights lit,Normal,Rollover,2,4,Going straight,Passenger,Female,5,3,Employee,Normal,Not a Pedestrian,Other,Serious Injury,1900-01-01 21:17:00,21,17,1,1,14,1,1
21:17:00,Saturday,Over 51,Male,Junior high school,Employee,2-5yr,Automobile,Owner,2-5yrs,,Residential areas,Two-way (divided with broken lines road marking),Tangent road with flat terrain,No junction,Asphalt roads,Dry,Darkness - lights lit,Normal,Collision with pedestrians,2,4,Going straight,Driver or rider,Male,31-50,3,Driver,Normal,Not a Pedestrian,Changing lane to the right,Serious Injury,1900-01-01 21:17:00,21,17,1,1,14,1,1
17:01:00,Friday,31-50,Male,Above high school,Employee,5-10yr,Other,Owner,5-10yrs,, Church areas,other,Tangent road with flat terrain,No junction,Asphalt roads,Dry,Daylight,Normal,Vehicle with vehicle collision,1,1,Going straight,Pedestrian,Male,18-30,3,Self-employed,Normal,Unknown or other,No distancing,Serious Injury,1900-01-01 17:01:00,17,1,0,0,28,1,1
1:56:00,Saturday,Under 18,Male,Junior high school,Owner,2-5yr,,Owner,,,Other,Two-way (divided with broken lines road marking),Tangent road with flat terrain,Y Shape,Asphalt roads,Wet or damp,Darkness - lights lit,Raining,Vehicle with vehicle collision,3,1,Getting off,Pedestrian,Female,31-50,3,Driver,Normal,Not a Pedestrian,Driving carelessly,Slight Injury,1900-01-01 01:56:00,1,56,1,1,-1,0,0
1:56:00,Saturday,31-50,Male,,,,Long lorry,Owner,,,Office areas,Two-way (divided with broken lines road marking),Tangent road with flat terrain,Y Shape,Asphalt roads,Wet or damp,Darkness - lights lit,Raining,Vehicle with vehicle collision,3,1,Going straight,Driver or rider,Male,18-30,3,Driver,Normal,Not a Pedestrian,No distancing,Slight Injury,1900-01-01 01:56:00,1,56,1,1,-1,0,0
1:56:00,Saturday,Unknown,Male,Junior high school,Employee,2-5yr,Public (12 seats),Owner,,,Other,Two-way (divided with broken lines road marking),Tangent road with flat terrain,Y Shape,Asphalt roads,Wet or damp,Darkness - lights lit,Raining,Collision with pedestrians,3,1,Going straight,na,na,na,na,,,Not a Pedestrian,No priority to vehicle,Slight Injury,1900-01-01 01:56:00,1,56,1,1,-1,0,0
19:20:00,Friday,Unknown,Male,Junior high school,Employee,5-10yr,Public (12 seats),Owner,,,Other,Two-way (divided with broken lines road marking),Tangent road with flat terrain,Other,Asphalt roads,Dry,Daylight,Normal,Collision with pedestrians,2,2,Other,na,na,na,na,Driver,Normal,Not a Pedestrian,Changing lane to the right,Slight Injury,1900-01-01 19:20:00,19,20,0,0,20,1,0
19:20:00,Friday,18-30,Male,Junior high school,Employee,2-5yr,Other,Owner,,,,,Tangent road with flat terrain,Other,Asphalt roads,Dry,Daylight,Normal,Vehicle with vehicle collision,2,2,Going straight,Driver or rider,Male,Over 51,3,,,Not a Pedestrian,No priority to pedestrian,Slight Injury,1900-01-01 19:20:00,19,20,0,0,15,1,0
19:20:00,Friday,18-30,Male,Elementary school,Employee,1-2yr,Other,Governmental,2-5yrs,,Residential areas,Two-way (divided with broken lines road marking),,Other,Asphalt roads,Dry,Daylight,Normal,Vehicle with vehicle collision,2,2,Going straight,Pedestrian,Female,Over 51,3,,,Not a Pedestrian,No priority to vehicle,Slight Injury,1900-01-01 19:20:00,19,20,0,0,15,1,0
19:08:00,Monday,18-30,Male,High school,Employee,,Other,Owner,Below 1yr,, Church areas,Undivided Two way,Tangent road with flat terrain,Y Shape,Asphalt roads,Dry,Darkness - lights lit,Other,Vehicle with vehicle collision,3,3,Going straight,Pedestrian,Female,18-30,3,,Normal,Not a Pedestrian,Changing lane to the left,Slight Injury,1900-01-01 19:08:00,19,8,0,0,0,1,0
19:08:00,Monday,18-30,Male,Junior high school,Owner,1-2yr,Public (12 seats),,,,Other,Undivided Two way,Tangent road with flat terrain,Y Shape,Asphalt roads,Dry,Darkness - lights lit,Other,Collision with roadside objects,3,3,Going straight,Pedestrian,Female,5,3,Driver,Normal,Not a Pedestrian,Turnover,Slight Injury,1900-01-01 19:08:00,19,8,0,0,0,1,0
19:08:00,Monday,18-30,Male,Junior high school,Employee,2-5yr,Lorry (41?100Q),Owner,Unknown,,Other,One way,Tangent road with flat terrain,Y Shape,Asphalt roads,Dry,Darkness - lights lit,Other,Vehicle with vehicle collision,3,3,Going straight,Pedestrian,Male,18-30,3,Driver,Normal,Crossing from nearside - masked by parked or statioNot a Pedestrianry vehicle,Driving to the left,Slight Injury,1900-01-01 19:08:00,19,8,0,0,0,1,0
19:08:00,Monday,Unknown,Female,Junior high school,Employee,1-2yr,Other,Owner,Unknown,No defect,Residential areas,Two-way (divided with broken lines road marking),Tangent road with flat terrain,Y Shape,Asphalt roads,Dry,Darkness - lights lit,Other,Collision with roadside objects,3,3,Reversing,Driver or rider,Male,31-50,2,Driver,Normal,Not a Pedestrian,Driving carelessly,Slight Injury,1900-01-01 19:08:00,19,8,0,0,3,1,0
19:08:00,Monday,Unknown,Female,Elementary school,Employee,Above 10yr,Public (12 seats),Owner,Unknown,,Office areas,One way,Tangent road with flat terrain,Y Shape,Asphalt roads,Dry,Darkness - lights lit,Other,Vehicle with vehicle collision,3,3,Other,na,na,na,na,Driver,Normal,Not a Pedestrian,Driving to the left,Slight Injury,1900-01-01 19:08:00,19,8,0,0,3,1,0
19:08:00,Monday,Unknown,Female,Junior high school,Employee,2-5yr,Other,Owner,Unknown,No defect, Industrial areas,Two-way (divided with broken lines road marking),Tangent road with flat terrain,Y Shape,Asphalt roads,Dry,Darkness - lights lit,Other,Vehicle with vehicle collision,3,3,Going straight,Driver or rider,Female,18-30,3,Driver,Normal,Not a Pedestrian,Driving carelessly,Slight Injury,1900-01-01 19:08:00,19,8,0,0,0,1,0
9:45:00,Monday,Unknown,Male,Junior high school,Employee,2-5yr,Lorry (11?40Q),Governmental,,No defect,Residential areas,Double carriageway (median),Tangent road with flat terrain,No junction,Asphalt roads,Dry,Daylight,Unknown,Collision with roadside objects,1,1,Going straight,na,na,na,na,Driver,Normal,Not a Pedestrian,No priority to pedestrian,Serious Injury,1900-01-01 09:45:00,9,45,0,0,0,1,1
16:27:00,Saturday,18-30,Male,Junior high school,Employee,2-5yr,Other,Owner,,No defect,Office areas,Unknown,Tangent road with flat terrain,Y Shape,Asphalt roads,Dry,Daylight,Normal,Vehicle with vehicle collision,1,1,Going straight,Driver or rider,Male,18-30,3,Employee,Normal,Not a Pedestrian,Driving carelessly,Slight Injury,1900-01-01 16:27:00,16,27,0,1,11,1,0
5:46:00,Sunday,31-50,Male,Junior high school,Employee,2-5yr,Other,Owner,2-5yrs,,Other,,Tangent road with flat terrain,T Shape,Asphalt roads,Dry,Darkness - lights lit,Normal,Vehicle with vehicle collision,1,1,Going straight,na,na,na,na,,Normal,Not a Pedestrian,Changing lane to the right,Serious Injury,1900-01-01 05:46:00,5,46,1,1,-1,0,1
13:44:00,Saturday,Under 18,Male,Elementary school,Employee,2-5yr,Other,Owner,Unknown,, Church areas,other,Tangent road with flat terrain,Y Shape,Asphalt roads,Dry,Daylight,Normal,Collision with roadside objects,1,1,Going straight,Driver or rider,Male,18-30,3,Driver,Normal,Not a Pedestrian,Moving Backward,Fatal injury,1900-01-01 13:44:00,13,44,0,1,11,1,1
21:11:00,Thursday,18-30,Male,Junior high school,Employee,2-5yr,Pick up upto 10Q,Owner,Above 10yr,, Industrial areas,,Tangent road with flat terrain,No junction,Asphalt roads,Dry,Darkness - lights lit,Normal,Collision with roadside objects,3,3,Going straight,Passenger,Male,18-30,3,,,Not a Pedestrian,Driving carelessly,Slight Injury,1900-01-01 21:11:00,21,11,1,0,8,1,0
21:11:00,Thursday,18-30,Male,Elementary school,Employee,5-10yr,Automobile,Owner,Unknown,No defect,  Recreational areas,One way,Tangent road with flat terrain,No junction,Asphalt roads,Dry,Darkness - lights lit,Normal,Vehicle with vehicle collision,3,3,Going straight,na,na,na,na,Self-employed,Normal,Not a Pedestrian,Changing lane to the right,Slight Injury,1900-01-01 21:11:00,21,11,1,0,8,1,0
21:11:00,Thursday,18-30,Male,Elementary school,Employee,2-5yr,Other,Owner,Unknown,No defect,  Market areas,Undivided Two way,Tangent road with flat terrain,No junction,Asphalt roads,Dry,Darkness - lights lit,Normal,Vehicle with vehicle collision,3,3,Going straight,Driver or rider,Male,Under 18,3,,,Not a Pedestrian,Driving carelessly,Slight Injury,1900-01-01 21:11:00,21,11,1,0,8,1,0
21:11:00,Thursday,18-30,Male,Junior high school,Employee,Above 10yr,Lorry (41?100Q),Owner,Unknown,No defect,Other,Two-way (divided with broken lines road marking),Tangent road with flat terrain,No junction,Asphalt roads,Dry,Darkness - lights lit,Normal,Vehicle with vehicle collision,3,3,Going straight,na,na,na,na,Self-employed,Normal,Not a Pedestrian,Driving carelessly,Slight Injury,1900-01-01 21:11:00,21,11,1,0,8,1,0
22:48:00,Monday,31-50,Male,Junior high school,Employee,Above 10yr,Public (13?45 seats),Owner,Unknown,,Other,Two-way (divided with broken lines road marking),Tangent road with flat terrain,Y Shape,Asphalt roads,Wet or damp,Darkness - lights lit,Raining,Vehicle with vehicle collision,2,1,Moving Backward,Driver or rider,Male,18-30,3,,,Not a Pedestrian,Driving carelessly,Fatal injury,1900-01-01 22:48:00,22,48,1,0,45,1,1
22:48:00,Monday,31-50,Unknown,High school,Employee,Above 10yr,Automobile,Owner,Unknown,No defect, Industrial areas,Two-way (divided with broken lines road marking),,Y Shape,Asphalt roads,Wet or damp,Darkness - lights lit,Raining,Vehicle with vehicle collision,2,1,Moving Backward,Driver or rider,Male,18-30,3,Self-employed,Normal,Not a Pedestrian,Changing lane to the right,Fatal injury,1900-01-01 22:48:00,22,48,1,0,45,1,1
13:10:00,Thursday,Unknown,Male,Junior high school,Employee,5-10yr,Pick up upto 10Q,Governmental,2-5yrs,,Other,Two-way (divided with broken lines road marking),Tangent road with flat terrain,No junction,Asphalt roads,Dry,Daylight,Normal,Vehicle with vehicle collision,2,1,Turnover,Pedestrian,Male,Over 51,3,,,Crossing from nearside - masked by parked or statioNot a Pedestrianry vehicle,Changing lane to the right,Slight Injury,1900-01-01 13:10:00,13,10,0,0,3,1,0
13:10:00,Thursday,18-30,Male,Junior high school,Owner,2-5yr,Lorry (41?100Q),Governmental,,,Office areas,other,Tangent road with flat terrain,No junction,Asphalt roads,Dry,Daylight,Normal,Vehicle with vehicle collision,2,1,Other,na,na,na,na,,,Not a Pedestrian,Driving carelessly,Slight Injury,1900-01-01 13:10:00,13,10,0,0,3,1,0
8:35:00,Monday,31-50,Male,Elementary school,Employee,1-2yr,Public (12 seats),Owner,Unknown,,,other,Tangent road with flat terrain,Other,Asphalt roads,Wet or damp,Daylight,Raining,Vehicle with vehicle collision,1,1,Other,Driver or rider,Female,31-50,3,Self-employed,Normal,Not a Pedestrian,Overtaking,Slight Injury,1900-01-01 08:35:00,8,35,0,0,3,1,0
8:40:00,Thursday,Unknown,Male,Junior high school,Employee,2-5yr,Other,Owner,,,Office areas,Two-way (divided with broken lines road marking),Tangent road with flat terrain,No junction,Asphalt roads,Dry,Daylight,Normal,Vehicle with vehicle collision,2,2,Going straight,Passenger,Male,18-30,3,Employee,Normal,Not a Pedestrian,Changing lane to the right,Slight Injury,1900-01-01 08:40:00,8,40,0,0,0,1,0
8:40:00,Thursday,18-30,Male,Junior high school,Employee,5-10yr,Lorry (41?100Q),Owner,,,Office areas,Undivided Two way,Tangent road with flat terrain,No junction,Asphalt roads,Dry,Daylight,Normal,Vehicle with vehicle collision,2,2,Going straight,na,na,na,na,Other,Normal,Not a Pedestrian,No distancing,Slight Injury,1900-01-01 08:40:00,8,40,0,0,7,1,0
8:40:00,Thursday,18-30,Male,,,,Pick up upto 10Q,Organization,Unknown,,Other,other,Tangent road with flat terrain,No junction,Asphalt roads,Dry,Daylight,Normal,Vehicle with vehicle collision,2,2,Other,Pedestrian,Female,18-30,3,Employee,Normal,Unknown or other,Other,Slight Injury,1900-01-01 08:40:00,8,40,0,0,3,1,0
18:00:00,Thursday,Unknown,Male,Elementary school,Owner,5-10yr,Other,Governmental,2-5yrs,,Other,other,Tangent road with flat terrain,No junction,Asphalt roads,Dry,Daylight,Other,Vehicle with vehicle collision,2,1,Other,na,na,na,na,,,Not a Pedestrian,Changing lane to the right,Slight Injury,1900-01-01 18:00:00,18,0,0,0,3,1,0
18:00:00,Thursday,31-50,Male,High school,Other,Above 10yr,Lorry (41?100Q),Owner,Unknown,No defect,Other,Undivided Two way,Tangent road with flat terrain,No junction,Asphalt roads,Dry,Daylight,Other,Vehicle with vehicle collision,2,1,Going straight,na,na,na,na,Employee,Normal,Not a Pedestrian,Changing lane to the right,Slight Injury,1900-01-01 18:00:00,18,0,0,0,0,1,0
11:50:00,Wednesday,Unknown,Male,Junior high school,Employee,Above 10yr,Ridden horse,Owner,Above 10yr,,Other,other,Tangent road with flat terrain,Y Shape,Asphalt roads,Dry,Daylight,Normal,Vehicle with vehicle collision,1,2,Reversing,Driver or rider,Female,18-30,3,,,Not a Pedestrian,Overtaking,Slight Injury,1900-01-01 11:50:00,11,50,0,0,3,1,0
11:50:00,Wednesday,Unknown,Male,Junior high school,Employee,1-2yr,Automobile,,,,Residential areas,Undivided Two way,Tangent road with flat terrain,Y Shape,Asphalt roads,Dry,Daylight,Normal,Vehicle with vehicle collision,1,2,Other,na,na,na,na,Employee,Normal,Not a Pedestrian,Other,Slight Injury,1900-01-01 11:50:00,11,50,0,0,3,1,0
7:15:00,Tuesday,Unknown,Female,High school,Owner,,Automobile,Owner,2-5yrs,No defect, Church areas,Undivided Two way,Tangent road with flat terrain,No junction,Asphalt roads,Dry,Daylight,Normal,Vehicle with vehicle collision,1,1,Turnover,Driver or rider,Male,18-30,3,Employee,Normal,Not a Pedestrian,Driving to the left,Serious Injury,1900-01-01 07:15:00,7,15,0,0,3,1,1
15:59:00,Wednesday,18-30,Male,Junior high school,Employee,2-5yr,Stationwagen,Owner,2-5yrs,,Office areas,Double carriageway (median),Tangent road with flat terrain,Y Shape,Asphalt roads,Dry,Daylight,Normal,Vehicle with vehicle collision,2,3,Going straight,Pedestrian,Male,18-30,3,Employee,Normal,Not a Pedestrian,Overtaking,Slight Injury,1900-01-01 15:59:00,15,59,0,0,0,1,0