Time,Day_of_week,Age_band_of_driver,Sex_of_driver,Educational_level,Vehicle_driver_relation,Driving_experience,Type_of_vehicle,Owner_of_vehicle,Service_year_of_vehicle,Defect_of_vehicle,Area_accident_occured,Lanes_or_Medians,Road_allignment,Types_of_Junction,Road_surface_type,Road_surface_conditions,Light_conditions,Weather_conditions,Type_of_collision,Number_of_vehicles_involved,Number_of_casualties,Vehicle_movement,Casualty_class,Sex_of_casualty,Age_band_of_casualty,Casualty_severity,Work_of_casuality,Fitness_of_casuality,Pedestrian_movement,Cause_of_accident,Accident_severity,Time_parsed,hour,minute,Is_night,Is_weekend,hotspot_cluster,is_hotspot,is_severe
17:50:00,Thursday,31-50,Male,High school,Owner,5-10yr,Other,Owner,2-5yrs,,Other,Two-way (divided with broken lines road marking),Tangent road with flat terrain,Y Shape,Asphalt roads,Wet or damp,Darkness - lights lit,Other,Rollover,2,3,Other,Driver or rider,Female,31-50,3,Driver,Normal,Not a Pedestrian,Changing lane to the left,Slight Injury,1900-01-01 17:50:00,17,50,0,0,3,1,0
19:08:00,Friday,18-30,Male,Junior high school,Employee,5-10yr,Lorry (41?100Q),Owner,,,Office areas,Undivided Two way,Tangent road with flat terrain,No junction,Asphalt roads,Wet or damp,Darkness - lights lit,Normal,Vehicle with vehicle collision,1,1,Other,na,na,na,na,Self-employed,Normal,Not a Pedestrian,No priority to vehicle,Slight Injury,1900-01-01 19:08:00,19,8,0,0,-1,0,0
13:11:00,Monday,Over 51,Male,Junior high school,Employee,2-5yr,Public (12 seats),Owner,,No defect,Other,Double carriageway (median),Tangent road with flat terrain,No junction,Gravel roads,Dry,Daylight,Normal,Vehicle with vehicle collision,3,1,Going straight,na,na,na,na,Self-employed,Normal,Not a Pedestrian,No distancing,Slight Injury,1900-01-01 13:11:00,13,11,0,0,7,1,0
13:11:00,Monday,31-50,Male,Elementary school,Employee,5-10yr,Lorry (41?100Q),Owner,Above 10yr,No defect, Industrial areas,Two-way (divided with broken lines road marking),Tangent road with flat terrain,No junction,Asphalt roads,Dry,Daylight,Normal,Vehicle with vehicle collision,3,1,Going straight,Driver or rider,Male,31-50,3,Driver,Normal,Not a Pedestrian,Changing lane to the right,Slight Injury,1900-01-01 13:11:00,13,11,0,0,0,1,0
13:11:00,Monday,Unknown,Male,Junior high school,Employee,2-5yr,Public (12 seats),Owner,,No defect,Residential areas,other,Tangent road with flat terrain,No junction,Asphalt roads,Dry,Daylight,Normal,Vehicle with vehicle collision,3,1,Going straight,Pedestrian,Male,18-30,3,,,Crossing from driver's nearside,Changing lane to the right,Slight Injury,1900-01-01 13:11:00,13,11,0,0,0,1,0
12:43:00,Monday,18-30,Male,Junior high school,Employee,Below 1yr,Lorry (41?100Q),Owner,,No defect,Other,Two-way (divided with broken lines road marking),Tangent road with flat terrain,T Shape,Asphalt roads,Dry,Daylight,Normal,Vehicle with vehicle collision,2,1,Going straight,Driver or rider,Male,31-50,3,,,Not a Pedestrian,Driving at high speed,Slight Injury,1900-01-01 12:43:00,12,43,0,0,0,1,0
12:43:00,Monday,Under 18,Male,Elementary school,Employee,2-5yr,Other,Owner,5-10yrs,,Other,One way,Tangent road with flat terrain,T Shape,Asphalt roads,Dry,Daylight,Normal,Collision with roadside objects,2,1,Other,na,na,na,na,,,Not a Pedestrian,No distancing,Slight Injury,1900-01-01 12:43:00,12,43,0,0,10,1,0
8:49:00,Monday,31-50,Male,Junior high school,Employee,2-5yr,Lorry (41?100Q),Owner,1-2yr,No defect,Other,One way,Tangent road with flat terrain,No junction,Earth roads,Dry,Daylight,Unknown,Vehicle with vehicle collision,2,1,Going straight,Pedestrian,Male,18-30,3,Driver,Normal,Unknown or other,Changing lane to the right,Slight Injury,1900-01-01 08:49:00,8,49,0,0,0,1,0
8:49:00,Monday,Unknown,Male,Junior high school,Employee,2-5yr,,Owner,,,Other,Undivided Two way,Tangent road with flat terrain,No junction,Asphalt roads,Dry,Daylight,Unknown,Vehicle with vehicle collision,2,1,Getting off,Driver or rider,Male,31-50,3,,Normal,Not a Pedestrian,Changing lane to the left,Slight Injury,1900-01-01 08:49:00,8,49,0,0,3,1,0
18:27:00,Sunday,18-30,Male,Junior high school,Employee,5-10yr,Public (> 45 seats),,,,Other,Two-way (divided with broken lines road marking),Tangent road with flat terrain,No junction,Asphalt roads,Dry,Darkness - lights lit,Normal,Collision with roadside objects,1,1,Going straight,na,na,na,na,Driver,Normal,Not a Pedestrian,Getting off the vehicle improperly,Slight Injury,1900-01-01 18:27:00,18,27,0,1,46,1,0
11:00:00,Saturday,18-30,Male,Junior high school,Employee,5-10yr,Lorry (41?100Q),Governmental,Below 1yr,No defect,Residential areas,other,Steep grade downward with mountainous terrain,Crossing,,Dry,Daylight,Normal,Collision with roadside objects,2,1,Going straight,Driver or rider,Male,18-30,3,Driver,Normal,Not a Pedestrian,Other,Slight Injury,1900-01-01 11:00:00,11,0,0,1,11,1,0
11:00:00,Saturday,Under 18,Male,Junior high school,Employee,,Other,Owner,,No defect,Office areas,Two-way (divided with broken lines road marking),Tangent road with flat terrain,Crossing,Gravel roads,Dry,Daylight,Normal,Vehicle with vehicle collision,2,1,Going straight,na,na,na,na,,,Not a Pedestrian,Other,Slight Injury,1900-01-01 11:00:00,11,0,0,1,11,1,0
12:30:00,Friday,Unknown,Male,Junior high school,Owner,5-10yr,Other,Owner,,,Office areas,Two-way (divided with broken lines road marking),Tangent road with flat terrain,No junction,Asphalt roads,Dry,Daylight,Normal,Vehicle with vehicle collision,2,2,Going straight,na,na,na,na,Self-employed,Normal,Not a Pedestrian,No distancing,Slight Injury,1900-01-01 12:30:00,12,30,0,0,28,1,0
12:30:00,Friday,Under 18,Male,Junior high school,Employee,2-5yr,Automobile,Owner,Unknown,No defect,Other,Two-way (divided with broken lines road marking),Tangent road with flat terrain,No junction,,Dry,Daylight,Normal,Vehicle with vehicle collision,2,2,Going straight,Driver or rider,Female,31-50,3,Driver,Normal,Not a Pedestrian,No priority to vehicle,Slight Injury,1900-01-01 12:30:00,12,30,0,0,9,1,0
12:30:00,Friday,Under 18,Male,Junior high school,Employee,Below 1yr,Lorry (41?100Q),Owner,Above 10yr,No defect,Other,One way,Tangent road with flat terrain,No junction,Asphalt roads,Dry,Daylight,Normal,Vehicle with vehicle collision,2,2,Going straight,Driver or rider,Male,Over 51,3,Driver,Normal,Not a Pedestrian,Overtaking,Slight Injury,1900-01-01 12:30:00,12,30,0,0,9,1,0
15:52:00,Saturday,31-50,Male,Junior high school,Employee,1-2yr,Pick up upto 10Q,Owner,,No defect,Office areas,Two-way (divided with broken lines road marking),Tangent road with flat terrain,Y Shape,Earth roads,Dry,Daylight,Normal,Collision with roadside objects,1,1,Moving Backward,na,na,na,na,Driver,Normal,Not a Pedestrian,No priority to pedestrian,Serious Injury,1900-01-01 15:52:00,15,52,0,1,26,1,1
7:55:00,Monday,18-30,Male,Junior high school,Employee,Below 1yr,Automobile,Owner,2-5yrs,,Office areas,Undivided Two way,Tangent road with flat terrain,Y Shape,Asphalt roads,Dry,Daylight,Normal,Vehicle with vehicle collision,2,2,Going straight,na,na,na,na,Driver,Normal,Not a Pedestrian,No distancing,Slight Injury,1900-01-01 07:55:00,7,55,0,0,7,1,0
7:55:00,Monday,31-50,Male,Junior high school,Employee,Above 10yr,,Owner,,No defect,Other,Two-way (divided with broken lines road marking),Tangent road with flat terrain,Y Shape,Asphalt roads,Dry,Daylight,Normal,Vehicle with vehicle collision,2,2,Other,Driver or rider,Male,Over 51,3,Driver,Normal,Not a Pedestrian,Changing lane to the right,Slight Injury,1900-01-01 07:55:00,7,55,0,0,3,1,0
7:55:00,Monday,31-50,Male,Junior high school,Employee,Below 1yr,Other,Owner,,No defect,Other,Two-way (divided with broken lines road marking),Tangent road with flat terrain,Y Shape,Asphalt roads,Dry,Daylight,Normal,Vehicle with vehicle collision,2,2,Going straight,Pedestrian,Female,31-50,2,Driver,Normal,Not a Pedestrian,Driving carelessly,Slight Injury,1900-01-01 07:55:00,7,55,0,0,0,1,0
18:10:00,Thursday,Unknown,Male,Junior high school,Employee,2-5yr,Automobile,Governmental,Unknown,,Residential areas,Two-way (divided with broken lines road marking),Tangent road with flat terrain,Other,Asphalt roads,Dry,Darkness - lights lit,Other,Vehicle with vehicle collision,1,1,Going straight,Driver or rider,Male,18-30,3,Driver,Normal,Not a Pedestrian,Changing lane to the right,Slight Injury,1900-01-01 18:10:00,18,10,0,0,0,1,0
6:50:00,Saturday,31-50,Male,Junior high school,Employee,1-2yr,Stationwagen,Owner,1-2yr,No defect,Other,Undivided Two way,Tangent road with flat terrain,No junction,Asphalt roads,Wet or damp,Darkness - no lighting,Raining,Vehicle with vehicle collision,1,1,Going straight,na,na,na,na,Driver,Normal,Not a Pedestrian,Overtaking,Serious Injury,1900-01-01 06:50:00,6,50,0,1,6,1,1
20:20:00,Thursday,18-30,Male,Elementary school,Employee,5-10yr,Other,Owner,,No defect,Office areas,Undivided Two way,Tangent road with flat terrain,Y Shape,Earth roads,Wet or damp,Darkness - lights lit,Raining,Vehicle with vehicle collision,3,2,Going straight,Pedestrian,Male,18-30,3,Driver,Normal,Crossing from nearside - masked by parked or statioNot a Pedestrianry vehicle,Other,Slight Injury,1900-01-01 20:20:00,20,20,1,0,8,1,0
20:20:00,Thursday,31-50,Male,Junior high school,Owner,Below 1yr,,Owner,2-5yrs,No defect,Office areas,Undivided Two way,Tangent road with flat terrain,Y Shape,Asphalt roads,Wet or damp,Darkness - lights lit,Raining,Collision with roadside objects,3,2,,Pedestrian,Female,18-30,3,Driver,Normal,Not a Pedestrian,Driving to the left,Slight Injury,1900-01-01 20:20:00,20,20,1,0,45,1,0
20:20:00,Thursday,Under 18,Male,Junior high school,Employee,Below 1yr,Ridden horse,,,,Other,Undivided Two way,Tangent road with flat terrain,Y Shape,Asphalt roads,Wet or damp,Darkness - lights lit,Raining,Vehicle with vehicle collision,3,2,Moving Backward,Driver or rider,Male,5,3,,,Not a Pedestrian,Driving at high speed,Slight Injury,1900-01-01 20:20:00,20,20,1,0,45,1,0
11:15:00,Thursday,18-30,Male,Writing & reading,Employee,Below 1yr,,Owner,Unknown,,Other,,Tangent road with flat terrain,No junction,Asphalt roads,Wet or damp,Daylight,Raining,Collision with pedestrians,2,1,,na,na,na,na,Self-employed,Normal,Not a Pedestrian,Unknown,Slight Injury,1900-01-01 11:15:00,11,15,0,0,3,1,0
11:15:00,Thursday,Over 51,Male,Junior high school,Employee,1-2yr,Other,Owner,Above 10yr,,Other,Undivided Two way,Tangent road with flat terrain,No junction,Asphalt roads,Wet or damp,Daylight,Raining,Collision with roadside objects,2,1,Going straight,na,na,na,na,Self-employed,Normal,Not a Pedestrian,Changing lane to the right,Slight Injury,1900-01-01 11:15:00,11,15,0,0,0,1,0
20:45:00,Monday,18-30,Male,Elementary school,Owner,5-10yr,Lorry (41?100Q),Owner,,No defect,Office areas,,Tangent road with flat terrain,Y Shape,Asphalt roads,Dry,Darkness - lights lit,Normal,Collision with roadside objects,2,1,Going straight,Driver or rider,Male,18-30,3,Driver,Normal,Not a Pedestrian,No distancing,Slight Injury,1900-01-01 20:45:00,20,45,1,0,-1,0,0
20:45:00,Monday,31-50,Male,Junior high school,Employee,2-5yr,Lorry (41?100Q),Owner,Above 10yr,No defect,Office areas,Two-way (divided with broken lines road marking),Tangent road with flat terrain,Y Shape,Asphalt roads,Dry,Darkness - lights lit,Normal,Vehicle with vehicle collision,2,1,,Pedestrian,Female,Under 18,3,Driver,Normal,Not a Pedestrian,Other,Slight Injury,1900-01-01 20:45:00,20,45,1,0,40,1,0
8:40:00,Friday,Unknown,Male,Junior high school,Owner,Below 1yr,Lorry (41?100Q),Owner,,No defect,Other,Two-way (divided with broken lines road marking),Steep grade downward with mountainous terrain,Y Shape,Asphalt roads,Wet or damp,Daylight,Other,Rollover,1,1,Going straight,Driver or rider,Male,31-50,3,Self-employed,Normal,Not a Pedestrian,No priority to vehicle,Slight Injury,1900-01-01 08:40:00,8,40,0,0,4,1,0
18:00:00,Friday,31-50,Male,Writing & reading,Employee,5-10yr,Stationwagen,Owner,Above 10yr,No defect, Church areas,other,Tangent road with flat terrain,No junction,Asphalt roads,Dry,Darkness - lights lit,Normal,Vehicle with vehicle collision,2,1,Going straight,na,na,na,na,Self-employed,Normal,Not a Pedestrian,Changing lane to the left,Slight Injury,1900-01-01 18:00:00,18,0,0,0,9,1,0
18:00:00,Friday,Unknown,Male,Writing & reading,Employee,5-10yr,Lorry (41?100Q),Governmental,,No defect, Industrial areas,Undivided Two way,Tangent road with flat terrain,No junction,Asphalt roads,Dry,Darkness - lights lit,Normal,Vehicle with vehicle collision,2,1,Going straight,Passenger,Male,31-50,3,,,Not a Pedestrian,No priority to pedestrian,Slight Injury,1900-01-01 18:00:00,18,0,0,0,9,1,0
9:40:00,Monday,18-30,Male,Junior high school,Employee,5-10yr,Automobile,Organization,2-5yrs,,Other,Undivided Two way,Tangent road with flat terrain,No junction,Asphalt roads,Dry,Daylight,Other,Vehicle with vehicle collision,2,1,Going straight,Driver or rider,Male,Under 18,3,Employee,Normal,Not a Pedestrian,Overtaking,Slight Injury,1900-01-01 09:40:00,9,40,0,0,0,1,0
9:40:00,Monday,31-50,Male,Junior high school,Employee,2-5yr,Automobile,Owner,5-10yrs,No defect,Other,Two-way (divided with broken lines road marking),Tangent road with flat terrain,No junction,Asphalt roads,Dry,Daylight,Other,Vehicle with vehicle collision,2,1,Going straight,na,na,na,na,,,Not a Pedestrian,Driving carelessly,Slight Injury,1900-01-01 09:40:00,9,40,0,0,0,1,0
16:48:00,Wednesday,Unknown,Female,Junior high school,Employee,Above 10yr,Pick up upto 10Q,Owner,1-2yr,,Office areas,Undivided Two way,Tangent road with mountainous terrain and,No junction,Earth roads,Dry,Daylight,Normal,Vehicle with vehicle collision,2,1,Going straight,na,na,na,na,,,Not a Pedestrian,No priority to vehicle,Slight Injury,1900-01-01 16:48:00,16,48,0,0,0,1,0
16:48:00,Wednesday,31-50,Male,Junior high school,Employee,5-10yr,Taxi,Owner,Unknown,No defect,Other,One way,Tangent road with flat terrain,No junction,Asphalt roads,Dry,Daylight,Normal,Vehicle with vehicle collision,2,1,Going straight,Driver or rider,Female,31-50,3,,,Not a Pedestrian,No priority to pedestrian,Slight Injury,1900-01-01 16:48:00,16,48,0,0,0,1,0
15:50:00,Monday,Unknown,Male,Junior high school,Employee,Above 10yr,,Owner,Unknown,No defect,  Recreational areas,Undivided Two way,Steep grade downward with mountainous terrain,No junction,Asphalt roads,Dry,Daylight,Normal,Vehicle with vehicle collision,1,1,Other,na,na,na,na,Driver,Normal,Not a Pedestrian,Changing lane to the right,Slight Injury,1900-01-01 15:50:00,15,50,0,0,3,1,0
16:30:00,Thursday,Unknown,Male,Junior high school,Employee,2-5yr,Automobile,Governmental,Unknown,No defect,Other,Two-way (divided with broken lines road marking),Steep grade downward with mountainous terrain,No junction,Asphalt roads,Dry,Daylight,Normal,Vehicle with vehicle collision,1,1,Going straight,Driver or rider,Male,18-30,3,Driver,Normal,Not a Pedestrian,Driving carelessly,Slight Injury,1900-01-01 16:30:00,16,30,0,0,0,1,0
17:40:00,Friday,Over 51,Male,Junior high school,Employee,Below 1yr,,Governmental,5-10yrs,No defect, Church areas,Two-way (divided with broken lines road marking),Tangent road with flat terrain,No junction,Asphalt roads,Dry,Darkness - lights lit,Normal,Collision with roadside objects,2,1,Going straight,na,na,na,na,Driver,Normal,Not a Pedestrian,Changing lane to the right,Slight Injury,1900-01-01 17:40:00,17,40,0,0,9,1,0
17:40:00,Friday,18-30,Male,Junior high school,Employee,Below 1yr,Long lorry,Owner,,,Residential areas,Undivided Two way,Tangent road with flat terrain,No junction,Other,Dry,Darkness - lights lit,Normal,Vehicle with vehicle collision,2,1,Going straight,Driver or rider,Male,18-30,3,Driver,Normal,Not a Pedestrian,Changing lane to the right,Slight Injury,1900-01-01 17:40:00,17,40,0,0,9,1,0
17:20:00,Monday,Unknown,Male,Junior high school,Owner,5-10yr,Public (12 seats),Owner,5-10yrs,No defect,Office areas,Two-way (divided with broken lines road marking),,Y Shape,Gravel roads,Wet or damp,Darkness - lights lit,Raining,Vehicle with vehicle collision,1,1,Going straight,Pedestrian,Female,31-50,3,Driver,Normal,Not a Pedestrian,Changing lane to the left,Slight Injury,1900-01-01 17:20:00,17,20,0,0,0,1,0
9:17:00,Tuesday,Unknown,Male,Junior high school,Employee,2-5yr,Pick up upto 10Q,Owner,2-5yrs,No defect,Other,Two-way (divided with broken lines road marking),Tangent road with flat terrain,No junction,Gravel roads,Dry,Daylight,Normal,Vehicle with vehicle collision,2,1,Going straight,Pedestrian,Female,31-50,3,Self-employed,Normal,Not a Pedestrian,Overturning,Slight Injury,1900-01-01 09:17:00,9,17,0,0,0,1,0
9:17:00,Tuesday,18-30,Male,Elementary school,Employee,Below 1yr,,Governmental,2-5yrs,,Office areas,Undivided Two way,Tangent road with flat terrain,No junction,Asphalt roads,Dry,Daylight,Normal,Vehicle with vehicle collision,2,1,Going straight,Pedestrian,Female,31-50,3,Self-employed,Normal,Not a Pedestrian,Driving carelessly,Slight Injury,1900-01-01 09:17:00,9,17,0,0,0,1,0
3:59:00,Monday,18-30,Male,Junior high school,Employee,2-5yr,Other,Owner,,,Office areas,other,Tangent road with flat terrain,Y Shape,Asphalt roads,Wet or damp,Darkness - lights lit,Raining,Collision with pedestrians,1,1,Moving Backward,na,na,na,na,Self-employed,Normal,Not a Pedestrian,No distancing,Slight Injury,1900-01-01 03:59:00,3,59,1,0,-1,0,0
16:00:00,Tuesday,Unknown,Male,Junior high school,Employee,5-10yr,Lorry (41?100Q),Owner,,No defect,Other,One way,Escarpments,No junction,Earth roads,Dry,Daylight,Normal,Vehicle with vehicle collision,2,1,Going straight,Driver or rider,Male,18-30,3,Self-employed,Normal,Not a Pedestrian,Driving carelessly,Slight Injury,1900-01-01 16:00:00,16,0,0,0,0,1,0
16:00:00,Tuesday,Under 18,Male,High school,Employee,Above 10yr,Automobile,Owner,,No defect,Residential areas,Undivided Two way,Tangent road with flat terrain,No junction,Asphalt roads,Dry,Daylight,Normal,Vehicle with vehicle collision,2,1,Going straight,na,na,na,na,,,Not a Pedestrian,Changing lane to the left,Slight Injury,1900-01-01 16:00:00,16,0,0,0,0,1,0
15:19:00,Sunday,31-50,Male,High school,Employee,Above 10yr,Pick up upto 10Q,Owner,,No defect,  Recreational areas,One way,Tangent road with flat terrain,No junction,Asphalt roads,Dry,Daylight,Normal,Vehicle with vehicle collision,2,1,Going straight,Driver or rider,Male,18-30,2,Self-employed,Normal,Not a Pedestrian,No priority to vehicle,Slight Injury,1900-01-01 15:19:00,15,19,0,1,6,1,0
15:19:00,Sunday,31-50,Male,Junior high school,Employee,5-10yr,Lorry (41?100Q),Owner,,No defect, Church areas,Undivided Two way,Tangent road with flat terrain,No junction,Asphalt roads,Dry,Daylight,Normal,Vehicle with vehicle collision,2,1,Going straight,na,na,na,na,Self-employed,Normal,Not a Pedestrian,Changing lane to the right,Slight Injury,1900-01-01 15:19:00,15,19,0,1,6,1,0
8:00:00,Monday,18-30,Male,Elementary school,Employee,1-2yr,Lorry (41?100Q),Owner,,No defect,Other,One way,Tangent road with flat terrain,No junction,Asphalt roads,Wet or damp,Daylight,Other,Vehicle with vehicle collision,2,1,Going straight,Driver or rider,Male,18-30,3,Self-employed,Normal,Not a Pedestrian,No distancing,Slight Injury,1900-01-01 08:00:00,8,0,0,0,7,1,0
8:00:00,Monday,Under 18,Male,Elementary school,Employee,5-10yr,Long lorry,Owner,,No defect,Other,Undivided Two way,Tangent road with flat terrain,No junction,Earth roads,Wet or damp,Daylight,Other,Vehicle with vehicle collision,2,1,Going straight,Driver or rider,Female,18-30,3,Driver,Normal,Not a Pedestrian,Moving Backward,Slight Injury,1900-01-01 08:00:00,8,0,0,0,0,1,0
13:24:00,Monday,Over 51,Male,Junior high school,Employee,5-10yr,Public (> 45 seats),Owner,Unknown,No defect,Other,Two-way (divided with broken lines road marking),Tangent road with flat terrain,Y Shape,Asphalt roads,Wet or damp,Daylight,Normal,Collision with roadside objects,2,2,Going straight,na,na,na,na,,,Not a Pedestrian,Overtaking,Slight Injury,1900-01-01 13:24:00,13,24,0,0,0,1,0
13:24:00,Monday,Over 51,Male,Junior high school,Employee,1-2yr,Public (> 45 seats),Governmental,,No defect,Residential areas,other,Tangent road with flat terrain,Y Shape,Asphalt roads,Wet or damp,Daylight,Normal,Vehicle with vehicle collision,2,2,Getting off,Driver or rider,Male,Over 51,3,Driver,Normal,Not a Pedestrian,Changing lane to the left,Slight Injury,1900-01-01 13:24:00,13,24,0,0,3,1,0
17:06:00,Thursday,18-30,Male,Junior high school,Owner,5-10yr,Automobile,Owner,Above 10yr,No defect,School areas,other,Tangent road with flat terrain,No junction,Asphalt roads,Wet or damp,Darkness - lights lit,Raining,Vehicle with vehicle collision,1,1,Going straight,na,na,na,na,Driver,Normal,Not a Pedestrian,Changing lane to the right,Slight Injury,1900-01-01 17:06:00,17,6,0,0,0,1,0
19:55:00,Wednesday,31-50,Male,High school,Owner,Above 10yr,Automobile,Owner,Above 10yr,No defect, Church areas,Two-way (divided with broken lines road marking),Tangent road with flat terrain,No junction,Asphalt roads,Wet or damp,Darkness - lights lit,Unknown,Vehicle with vehicle collision,2,1,Going straight,na,na,na,na,Self-employed,Normal,Not a Pedestrian,Overtaking,Slight Injury,1900-01-01 19:55:00,19,55,0,0,0,1,0
19:55:00,Wednesday,Unknown,Female,,Owner,Below 1yr,Automobile,Owner,Above 10yr,No defect,Other,other,Tangent road with flat terrain,No junction,Asphalt roads,Wet or damp,Darkness - lights lit,Unknown,Vehicle with vehicle collision,2,1,Turnover,Driver or rider,Female,Under 18,3,Driver,Normal,Not a Pedestrian,Overloading,Slight Injury,1900-01-01 19:55:00,19,55,0,0,3,1,0
17:30:00,Friday,Unknown,Male,Writing & reading,Owner,5-10yr,Other,Owner,Below 1yr,,Other,Two-way (divided with broken lines road marking),Tangent road with flat terrain,Y Shape,Asphalt roads,Dry,Darkness - lights lit,Unknown,Vehicle with vehicle collision,2,1,Moving Backward,Pedestrian,Male,Over 51,3,Driver,Normal,Crossing from driver's nearside,Other,Slight Injury,1900-01-01 17:30:00,17,30,0,0,49,1,0
17:30:00,Friday,18-30,Male,Above high school,Employee,Above 10yr,Public (12 seats),Owner,2-5yrs,,Office areas,Undivided Two way,Tangent road with flat terrain,Y Shape,Asphalt roads,Dry,Darkness - lights lit,Unknown,Vehicle with vehicle collision,2,1,Going straight,Driver or rider,Female,18-30,2,,,Not a Pedestrian,No priority to vehicle,Slight Injury,1900-01-01 17:30:00,17,30,0,0,4,1,0
8:42:00,Wednesday,Over 51,Male,High school,Employee,Below 1yr,Automobile,Owner,2-5yrs,,Office areas,Two-way (divided with broken lines road marking),Tangent road with flat terrain,Y Shape,Asphalt roads,Wet or damp,Daylight,Normal,Vehicle with vehicle collision,2,1,Moving Backward,Pedestrian,Female,Over 51,3,Driver,Normal,Crossing from driver's nearside,Changing lane to the right,Slight Injury,1900-01-01 08:42:00,8,42,0,0,3,1,0
8:42:00,Wednesday,Under 18,Male,Junior high school,Employee,1-2yr,Stationwagen,Owner,2-5yrs,No defect,Other,Undivided Two way,Tangent road with flat terrain,Y Shape,Asphalt roads,Wet or damp,Daylight,Normal,Vehicle with vehicle collision,2,1,Going straight,na,na,na,na,Driver,Normal,Not a Pedestrian,Moving Backward,Slight Injury,1900-01-01 08:42:00,8,42,0,0,0,1,0
0:29:00,Saturday,Unknown,Female,Junior high school,Employee,Above 10yr,Automobile,Owner,Below 1yr,No defect, Hospital areas,Undivided Two way,Tangent road with flat terrain,No junction,Asphalt roads,Dry,Darkness - lights lit,Normal,Rollover,2,1,,Driver or rider,Male,18-30,3,Driver,Normal,Not a Pedestrian,Changing lane to the left,Slight Injury,1900-01-01 00:29:00,0,29,1,1,23,1,0
0:29:00,Saturday,18-30,Male,Junior high school,Owner,Above 10yr,Automobile,Owner,2-5yrs,,Other,Undivided Two way,Tangent road with flat terrain,No junction,Earth roads,Dry,Darkness - lights lit,Normal,Vehicle with vehicle collision,2,1,Going straight,Driver or rider,Male,31-50,3,Driver,Normal,Not a Pedestrian,No priority to pedestrian,Slight Injury,1900-01-01 00:29:00,0,29,1,1,24,1,0
16:50:00,Friday,18-30,Male,Junior high school,Employee,Above 10yr,Automobile,Owner,,,Other,Two-way (divided with broken lines road marking),Tangent road with flat terrain,Y Shape,Asphalt roads,Dry,Daylight,Normal,Vehicle with vehicle collision,2,2,,Pedestrian,Female,Under 18,3,Driver,Normal,Crossing from nearside - masked by parked or statioNot a Pedestrianry vehicle,No distancing,Slight Injury,1900-01-01 16:50:00,16,50,0,0,42,1,0
16:50:00,Friday,18-30,Male,Junior high school,Employee,No Licence,,Owner,,,Other,Undivided Two way,Tangent road with flat terrain,Y Shape,Asphalt roads,Dry,Daylight,Normal,Vehicle with vehicle collision,2,2,Going straight,Driver or rider,Male,31-50,3,Self-employed,Normal,Not a Pedestrian,No priority to vehicle,Slight Injury,1900-01-01 16:50:00,16,50,0,0,4,1,0
16:50:00,Friday,Unknown,Male,Junior high school,Employee,1-2yr,,,,,Other,Double carriageway (median),Tangent road with flat terrain,Y Shape,Asphalt roads,Dry,Daylight,Normal,Collision with roadside objects,2,2,,na,na,na,na,,,Not a Pedestrian,No distancing,Slight Injury,1900-01-01 16:50:00,16,50,0,0,42,1,0
14:00:00,Sunday,18-30,Male,Illiterate,Owner,1-2yr,Pick up upto 10Q,Governmental,,No defect,Other,Two-way (divided with broken lines road marking),Tangent road with mild grade and flat terrain,Other,Asphalt roads,Wet or damp,Daylight,Raining,Vehicle with vehicle collision,4,2,Going straight,Driver or rider,Male,18-30,3,Self-employed,Normal,Not a Pedestrian,No distancing,Slight Injury,1900-01-01 14:00:00,14,0,0,1,-1,0,0
14:00:00,Sunday,Under 18,Male,Junior high school,Owner,Below 1yr,Turbo,Owner,Above 10yr,No defect, Hospital areas,Two-way (divided with broken lines road marking),Tangent road with flat terrain,Other,Earth roads,Wet or damp,Daylight,Raining,Vehicle with vehicle collision,4,2,Going straight,na,na,na,na,Driver,Normal,Not a Pedestrian,Moving Backward,Slight Injury,1900-01-01 14:00:00,14,0,0,1,11,1,0
14:00:00,Sunday,18-30,Male,Junior high school,Owner,1-2yr,Pick up upto 10Q,,Above 10yr,No defect,Other,Two-way (divided with broken lines road marking),Tangent road with flat terrain,Other,Asphalt roads,Wet or damp,Daylight,Raining,Vehicle with vehicle collision,4,2,Going straight,na,na,na,na,,,Not a Pedestrian,Changing lane to the right,Slight Injury,1900-01-01 14:00:00,14,0,0,1,11,1,0
14:00:00,Sunday,Over 51,Male,Junior high school,Owner,2-5yr,Other,Owner,,No defect,Other,One way,Tangent road with flat terrain,Other,Asphalt roads,Wet or damp,Daylight,Raining,Collision with roadside objects,4,2,Going straight,Driver or rider,Male,31-50,3,,,Not a Pedestrian,No priority to pedestrian,Slight Injury,1900-01-01 14:00:00,14,0,0,1,11,1,0
13:34:00,Friday,31-50,Male,Unknown,Owner,5-10yr,Stationwagen,Owner,2-5yrs,No defect,Other,Two-way (divided with broken lines road marking),Tangent road with mild grade and flat terrain,Other,Asphalt roads,Wet or damp,Daylight,Normal,Vehicle with vehicle collision,2,1,Going straight,Passenger,Female,5,3,Driver,Normal,Not a Pedestrian,Moving Backward,Serious Injury,1900-01-01 13:34:00,13,34,0,0,15,1,1