Time,Day_of_week,Age_band_of_driver,Sex_of_driver,Educational_level,Vehicle_driver_relation,Driving_experience,Type_of_vehicle,Owner_of_vehicle,Service_year_of_vehicle,Defect_of_vehicle,Area_accident_occured,Lanes_or_Medians,Road_allignment,Types_of_Junction,Road_surface_type,Road_surface_conditions,Light_conditions,Weather_conditions,Type_of_collision,Number_of_vehicles_involved,Number_of_casualties,Vehicle_movement,Casualty_class,Sex_of_casualty,Age_band_of_casualty,Casualty_severity,Work_of_casuality,Fitness_of_casuality,Pedestrian_movement,Cause_of_accident,Accident_severity,Time_parsed,hour,minute,Is_night,Is_weekend,hotspot_cluster,is_hotspot,is_severe
12:59:00,Tuesday,Over 51,Male,Junior high school,Owner,5-10yr,Lorry (41?100Q),Owner,Unknown,,Residential areas,Two-way (divided with broken lines road marking),Tangent road with flat terrain,Other,Asphalt roads,Dry,Daylight,Normal,Vehicle with vehicle collision,3,1,Going straight,Driver or rider,Male,Under 18,3,Driver,Normal,Not a Pedestrian,No distancing,Slight Injury,1900-01-01 12:59:00,12,59,0,0,7,1,0
12:59:00,Tuesday,31-50,Male,Junior high school,Employee,5-10yr,Public (12 seats),Owner,Unknown,,Other,Undivided Two way,Tangent road with flat terrain,Other,Asphalt roads,Dry,Daylight,Normal,Vehicle with vehicle collision,3,1,Going straight,na,na,na,na,Self-employed,Normal,Not a Pedestrian,Driving carelessly,Slight Injury,1900-01-01 12:59:00,12,59,0,0,0,1,0
12:59:00,Tuesday,31-50,Male,Junior high school,Employee,Below 1yr,Other,Owner,2-5yrs,,Residential areas,Double carriageway (median),Tangent road with flat terrain,Other,Asphalt roads,Dry,Daylight,Normal,Vehicle with vehicle collision,3,1,Going straight,Driver or rider,Male,18-30,3,Driver,Normal,Not a Pedestrian,No priority to vehicle,Slight Injury,1900-01-01 12:59:00,12,59,0,0,0,1,0
16:15:00,Wednesday,Unknown,Male,,,,Stationwagen,Owner,,,Office areas,Two-way (divided with broken lines road marking),Tangent road with flat terrain,No junction,Asphalt roads,Dry,Daylight,Normal,Vehicle with vehicle collision,2,1,Going straight,na,na,na,na,Driver,Normal,Not a Pedestrian,No priority to vehicle,Slight Injury,1900-01-01 16:15:00,16,15,0,0,0,1,0
16:15:00,Wednesday,18-30,Male,Junior high school,Employee,5-10yr,Automobile,Owner,5-10yrs,,Office areas,Two-way (divided with broken lines road marking),Tangent road with mild grade and flat terrain,No junction,Asphalt roads,Dry,Daylight,Normal,Vehicle with vehicle collision,2,1,Getting off,Driver or rider,Male,18-30,2,,,Not a Pedestrian,No priority to vehicle,Slight Injury,1900-01-01 16:15:00,16,15,0,0,3,1,0
22:35:00,Saturday,18-30,Male,Junior high school,Employee,5-10yr,Automobile,Owner,Unknown,,Office areas,Double carriageway (median),Tangent road with flat terrain,Y Shape,Asphalt roads,Dry,Darkness - lights lit,Normal,Collision with roadside-parked vehicles,2,1,Going straight,na,na,na,na,,,Not a Pedestrian,No priority to vehicle,Slight Injury,1900-01-01 22:35:00,22,35,1,1,17,1,0
22:35:00,Saturday,31-50,Male,Junior high school,Employee,Above 10yr,Lorry (41?100Q),Owner,,,  Recreational areas,Two-way (divided with broken lines road marking),Tangent road with flat terrain,Y Shape,Earth roads,Dry,Darkness - lights lit,Normal,Collision with roadside-parked vehicles,2,1,Going straight,Passenger,Male,Over 51,3,Self-employed,Normal,Not a Pedestrian,No distancing,Slight Injury,1900-01-01 22:35:00,22,35,1,1,-1,0,0
7:00:00,Friday,Unknown,Male,High school,Employee,Above 10yr,Stationwagen,Owner,,,Other,Two-way (divided with broken lines road marking),Tangent road with flat terrain,Y Shape,Asphalt roads,Dry,Daylight,Normal,Collision with animals,2,1,Turnover,Pedestrian,Male,Under 18,3,Driver,Normal,Not a Pedestrian,Moving Backward,Slight Injury,1900-01-01 07:00:00,7,0,0,0,2,1,0
7:00:00,Friday,Under 18,Male,Junior high school,Employee,Above 10yr,Lorry (41?100Q),Owner,,,Other,other,Tangent road with flat terrain,Y Shape,Asphalt roads,Dry,Daylight,Normal,Collision with animals,2,1,Moving Backward,Driver or rider,Male,Under 18,3,Driver,Normal,Not a Pedestrian,No distancing,Slight Injury,1900-01-01 07:00:00,7,0,0,0,42,1,0
15:20:00,Tuesday,Under 18,Male,Junior high school,Employee,Above 10yr,Public (> 45 seats),Owner,5-10yrs,,Other,Two-way (divided with broken lines road marking),Tangent road with flat terrain,Crossing,Asphalt roads,Dry,Daylight,Normal,Collision with animals,2,1,Going straight,na,na,na,na,Self-employed,Normal,Not a Pedestrian,Changing lane to the left,Slight Injury,1900-01-01 15:20:00,15,20,0,0,0,1,0
15:20:00,Tuesday,Under 18,Male,Junior high school,Employee,Above 10yr,Automobile,Owner,,,Other,Double carriageway (median),Tangent road with flat terrain,Crossing,Asphalt roads,Dry,Daylight,Normal,Collision with animals,2,1,Moving Backward,na,na,na,na,Driver,Normal,Not a Pedestrian,Changing lane to the left,Slight Injury,1900-01-01 15:20:00,15,20,0,0,3,1,0
13:03:00,Thursday,Unknown,Male,Junior high school,Employee,Above 10yr,Automobile,Owner,2-5yrs,No defect,Other,Undivided Two way,Tangent road with mountainous terrain and,No junction,Asphalt roads,Dry,Daylight,Normal,Collision with animals,2,1,Going straight,Driver or rider,Male,18-30,3,Driver,Normal,Not a Pedestrian,No priority to pedestrian,Slight Injury,1900-01-01 13:03:00,13,3,0,0,0,1,0
13:03:00,Thursday,18-30,Male,Junior high school,Employee,5-10yr,Automobile,Owner,2-5yrs,No defect,Office areas,Two-way (divided with broken lines road marking),Tangent road with flat terrain,No junction,Asphalt roads,Dry,Daylight,Normal,Collision with animals,2,1,,na,na,na,na,,Normal,Not a Pedestrian,Moving Backward,Slight Injury,1900-01-01 13:03:00,13,3,0,0,3,1,0
22:54:00,Saturday,Unknown,Female,Junior high school,Employee,2-5yr,,Owner,Above 10yr,No defect,Office areas,Two-way (divided with broken lines road marking),Tangent road with flat terrain,No junction,Asphalt roads,Dry,Darkness - lights lit,Normal,Collision with animals,1,1,Going straight,Driver or rider,Male,31-50,3,Driver,Normal,Not a Pedestrian,Changing lane to the left,Slight Injury,1900-01-01 22:54:00,22,54,1,1,14,1,0
21:43:00,Sunday,Over 51,Male,Junior high school,Employee,Below 1yr,Lorry (41?100Q),Owner,Unknown,No defect,Office areas,One way,Tangent road with flat terrain,Y Shape,Asphalt roads,Dry,Darkness - lights lit,Normal,Collision with animals,2,1,,Pedestrian,Female,31-50,3,Self-employed,Normal,Not a Pedestrian,No distancing,Slight Injury,1900-01-01 21:43:00,21,43,1,1,-1,0,0
21:43:00,Sunday,18-30,Male,Junior high school,Employee,Below 1yr,Lorry (41?100Q),Owner,Above 10yr,No defect,Residential areas,Double carriageway (median),Tangent road with flat terrain,Y Shape,Asphalt roads,Dry,Darkness - lights lit,Normal,Collision with animals,2,1,Going straight,Pedestrian,Female,18-30,3,Self-employed,Normal,Not a Pedestrian,No priority to vehicle,Slight Injury,1900-01-01 21:43:00,21,43,1,1,17,1,0
15:10:00,Saturday,18-30,Male,Junior high school,Employee,2-5yr,Automobile,Governmental,Below 1yr,No defect,  Recreational areas,Two-way (divided with broken lines road marking),Tangent road with flat terrain,Y Shape,Asphalt roads,Dry,Daylight,Normal,Collision with animals,2,1,,Driver or rider,Male,31-50,3,,Normal,Not a Pedestrian,Changing lane to the right,Slight Injury,1900-01-01 15:10:00,15,10,0,1,26,1,0
15:10:00,Saturday,18-30,Male,Elementary school,Employee,Below 1yr,Stationwagen,Owner,Unknown,No defect, Church areas,Double carriageway (median),Tangent road with flat terrain,Y Shape,Asphalt roads,Dry,Daylight,Normal,Collision with animals,2,1,Going straight,na,na,na,na,Self-employed,Normal,Not a Pedestrian,No distancing,Slight Injury,1900-01-01 15:10:00,15,10,0,1,25,1,0
8:46:00,Friday,Over 51,Male,Junior high school,Employee,Below 1yr,Public (12 seats),Owner,Unknown,No defect,Office areas,Undivided Two way,Tangent road with flat terrain,No junction,Asphalt roads,Dry,Daylight,Normal,Collision with animals,2,1,Going straight,Pedestrian,Female,18-30,3,Driver,Normal,Not a Pedestrian,No distancing,Slight Injury,1900-01-01 08:46:00,8,46,0,0,28,1,0
8:46:00,Friday,Under 18,Male,Junior high school,Employee,,Public (12 seats),Owner,Unknown,No defect,Other,Two-way (divided with broken lines road marking),Tangent road with flat terrain,No junction,Asphalt roads,Dry,Daylight,Normal,Other,2,1,Going straight,na,na,na,na,Driver,Normal,Not a Pedestrian,Getting off the vehicle improperly,Slight Injury,1900-01-01 08:46:00,8,46,0,0,9,1,0
10:29:00,Friday,18-30,Male,,Employee,5-10yr,Automobile,Owner,,,Residential areas,other,Steep grade downward with mountainous terrain,Y Shape,Asphalt roads,Dry,Daylight,Normal,Rollover,2,2,Going straight,Driver or rider,Male,31-50,3,,Normal,Not a Pedestrian,No priority to pedestrian,Slight Injury,1900-01-01 10:29:00,10,29,0,0,4,1,0
10:29:00,Friday,18-30,Male,Writing & reading,Employee,Below 1yr,Public (12 seats),Owner,,No defect,School areas,other,Tangent road with flat terrain,Y Shape,Asphalt roads,Dry,Daylight,Normal,Collision with animals,2,2,Going straight,Pedestrian,Female,18-30,3,Driver,Normal,Not a Pedestrian,Changing lane to the left,Slight Injury,1900-01-01 10:29:00,10,29,0,0,4,1,0
20:20:00,Thursday,18-30,Male,Junior high school,Employee,Below 1yr,Public (12 seats),Owner,1-2yr,No defect,Office areas,Two-way (divided with broken lines road marking),Tangent road with flat terrain,Other,Earth roads,Dry,Daylight,Normal,Rollover,2,3,Other,Pedestrian,Male,Under 18,3,Driver,Normal,Unknown or other,No distancing,Slight Injury,1900-01-01 20:20:00,20,20,1,0,-1,0,0
20:20:00,Thursday,31-50,Male,Junior high school,Employee,1-2yr,Lorry (41?100Q),Owner,Above 10yr,No defect,Other,other,Tangent road with flat terrain,Other,Asphalt roads,Dry,Daylight,Normal,Collision with animals,2,3,Other,na,na,na,na,Driver,Normal,Not a Pedestrian,Driving carelessly,Slight Injury,1900-01-01 20:20:00,20,20,1,0,-1,0,0
20:20:00,Thursday,31-50,Male,Elementary school,Employee,Above 10yr,Automobile,Owner,Unknown,No defect,Other,Two-way (divided with broken lines road marking),Tangent road with flat terrain,Other,,Dry,Daylight,Normal,Collision with animals,2,3,Going straight,Driver or rider,Female,31-50,3,Self-employed,Normal,Not a Pedestrian,No distancing,Slight Injury,1900-01-01 20:20:00,20,20,1,0,-1,0,0
16:10:00,Sunday,18-30,Male,Elementary school,Employee,Above 10yr,Lorry (41?100Q),Organization,2-5yrs,,Office areas,Two-way (divided with broken lines road marking),Tangent road with mountainous terrain and,No junction,Asphalt roads,Dry,Daylight,Normal,Vehicle with vehicle collision,4,1,Going straight,Pedestrian,Male,18-30,2,Driver,Normal,Crossing from nearside - masked by parked or statioNot a Pedestrianry vehicle,Changing lane to the right,Slight Injury,1900-01-01 16:10:00,16,10,0,1,6,1,0
16:10:00,Sunday,Over 51,Male,Elementary school,Employee,Below 1yr,,Owner,,,Office areas,Two-way (divided with broken lines road marking),Tangent road with flat terrain,No junction,Asphalt roads,Dry,Daylight,Normal,Fall from vehicles,4,1,Getting off,na,na,na,na,Driver,Normal,Not a Pedestrian,Overtaking,Slight Injury,1900-01-01 16:10:00,16,10,0,1,5,1,0
16:10:00,Sunday,Unknown,Male,High school,Employee,2-5yr,Automobile,Owner,5-10yrs,,Other,Undivided Two way,Tangent road with flat terrain,No junction,Asphalt roads,Dry,Daylight,Normal,Collision with roadside-parked vehicles,4,1,Going straight,Driver or rider,Male,18-30,3,,Normal,Not a Pedestrian,Driving carelessly,Slight Injury,1900-01-01 16:10:00,16,10,0,1,6,1,0
16:10:00,Sunday,Unknown,Male,Junior high school,Employee,2-5yr,Stationwagen,Owner,5-10yrs,No defect,Office areas,Two-way (divided with broken lines road marking),Tangent road with flat terrain,No junction,Asphalt roads,Dry,Daylight,Normal,Collision with roadside-parked vehicles,4,1,Going straight,Driver or rider,Male,Over 51,2,Driver,Normal,Not a Pedestrian,Moving Backward,Slight Injury,1900-01-01 16:10:00,16,10,0,1,6,1,0
16:30:00,Tuesday,Unknown,Male,Above high school,Employee,Above 10yr,,Owner,2-5yrs,No defect, Industrial areas,Two-way (divided with broken lines road marking),Tangent road with flat terrain,Y Shape,Asphalt roads,Dry,Daylight,Normal,Rollover,3,1,Going straight,na,na,na,na,,,Not a Pedestrian,No distancing,Slight Injury,1900-01-01 16:30:00,16,30,0,0,7,1,0
16:30:00,Tuesday,Unknown,Female,Junior high school,Employee,2-5yr,,Owner,Unknown,No defect,Office areas,Undivided Two way,Tangent road with flat terrain,Y Shape,Asphalt roads,Dry,Daylight,Normal,Collision with animals,3,1,Going straight,na,na,na,na,,,Not a Pedestrian,Overtaking,Slight Injury,1900-01-01 16:30:00,16,30,0,0,0,1,0
16:30:00,Tuesday,31-50,Male,Junior high school,Employee,2-5yr,Automobile,Owner,,,Other,Undivided Two way,Tangent road with flat terrain,Y Shape,Asphalt roads,Dry,Daylight,Normal,Collision with animals,3,1,Going straight,na,na,na,na,,,Not a Pedestrian,Driving carelessly,Slight Injury,1900-01-01 16:30:00,16,30,0,0,0,1,0
20:35:00,Tuesday,31-50,Male,High school,Employee,1-2yr,Stationwagen,Owner,Above 10yr,,Other,Two-way (divided with broken lines road marking),Tangent road with flat terrain,No junction,Asphalt roads,Wet or damp,Daylight,Raining,Fall from vehicles,1,1,Getting off,na,na,na,na,Self-employed,Normal,Not a Pedestrian,Driving carelessly,Slight Injury,1900-01-01 20:35:00,20,35,1,0,-1,0,0
11:37:00,Monday,31-50,Male,Junior high school,Employee,5-10yr,Automobile,Owner,Unknown,,Office areas,Two-way (divided with broken lines road marking),Tangent road with flat terrain,T Shape,Asphalt roads,Wet or damp,Daylight,Raining,Collision with roadside-parked vehicles,1,1,Going straight,Driver or rider,Female,18-30,3,Self-employed,Normal,Not a Pedestrian,Moving Backward,Slight Injury,1900-01-01 11:37:00,11,37,0,0,0,1,0
8:52:00,Wednesday,31-50,Male,Junior high school,Employee,Below 1yr,Other,,,, Church areas,,Tangent road with flat terrain,No junction,Gravel roads,Wet or damp,Daylight,Other,Collision with animals,3,2,Going straight,na,na,na,na,Driver,Normal,Not a Pedestrian,Driving carelessly,Slight Injury,1900-01-01 08:52:00,8,52,0,0,0,1,0
8:52:00,Wednesday,31-50,Male,Junior high school,Employee,Below 1yr,Other,Owner,,,Office areas,other,Tangent road with flat terrain,No junction,Asphalt roads,Wet or damp,Daylight,Other,Collision with animals,3,2,Other,Driver or rider,Female,18-30,3,Self-employed,Normal,Not a Pedestrian,Driving to the left,Slight Injury,1900-01-01 08:52:00,8,52,0,0,3,1,0
8:52:00,Wednesday,31-50,Male,Elementary school,Employee,,Automobile,Owner,,,Residential areas,other,Tangent road with flat terrain,No junction,Asphalt roads,Wet or damp,Daylight,Other,Collision with pedestrians,3,2,Going straight,na,na,na,na,Driver,Normal,Not a Pedestrian,Changing lane to the left,Slight Injury,1900-01-01 08:52:00,8,52,0,0,0,1,0
16:50:00,Thursday,18-30,Male,Junior high school,Employee,Below 1yr,Lorry (41?100Q),Owner,Unknown,No defect,  Recreational areas,Two-way (divided with broken lines road marking),Tangent road with flat terrain,T Shape,Asphalt roads,Dry,Daylight,Normal,Vehicle with vehicle collision,2,1,Going straight,Driver or rider,Female,31-50,3,Self-employed,Normal,Not a Pedestrian,No distancing,Slight Injury,1900-01-01 16:50:00,16,50,0,0,7,1,0
16:50:00,Thursday,18-30,Male,Junior high school,Employee,1-2yr,Lorry (41?100Q),Governmental,5-10yrs,,Other,other,Tangent road with flat terrain,T Shape,Asphalt roads,Dry,Daylight,Normal,Vehicle with vehicle collision,2,1,Going straight,na,na,na,na,Employee,Normal,Not a Pedestrian,No distancing,Slight Injury,1900-01-01 16:50:00,16,50,0,0,7,1,0
20:30:00,Saturday,18-30,Male,Elementary school,Employee,2-5yr,Lorry (41?100Q),Owner,Unknown,No defect, Church areas,Undivided Two way,Tangent road with flat terrain,No junction,Asphalt roads,Dry,Daylight,Normal,Collision with pedestrians,4,3,Going straight,Driver or rider,Male,5,3,Driver,Normal,Not a Pedestrian,Changing lane to the right,Serious Injury,1900-01-01 20:30:00,20,30,1,1,14,1,1
20:30:00,Saturday,18-30,Male,High school,Employee,1-2yr,Automobile,Owner,Unknown,No defect,Other,One way,Tangent road with flat terrain,No junction,Asphalt roads,Dry,Daylight,Normal,Vehicle with vehicle collision,4,3,Going straight,Driver or rider,Male,18-30,3,Driver,Normal,Not a Pedestrian,Driving under the influence of drugs,Serious Injury,1900-01-01 20:30:00,20,30,1,1,14,1,1
20:30:00,Saturday,18-30,Male,Junior high school,Employee,5-10yr,Automobile,Owner,Above 10yr,No defect,Other,Two-way (divided with broken lines road marking),Tangent road with flat terrain,No junction,Asphalt roads,Dry,Daylight,Normal,Collision with roadside objects,4,3,Reversing,na,na,na,na,Driver,Normal,Not a Pedestrian,Changing lane to the right,Serious Injury,1900-01-01 20:30:00,20,30,1,1,35,1,1
20:30:00,Saturday,Unknown,Male,Junior high school,Employee,Below 1yr,Public (13?45 seats),Owner,5-10yrs,, Church areas,Undivided Two way,Tangent road with flat terrain,No junction,Asphalt roads,Dry,Daylight,Normal,Vehicle with vehicle collision,4,3,Other,Driver or rider,Male,18-30,3,Driver,Normal,Not a Pedestrian,Changing lane to the left,Serious Injury,1900-01-01 20:30:00,20,30,1,1,35,1,1
20:30:00,Saturday,Unknown,Male,High school,Employee,Above 10yr,Public (13?45 seats),Owner,Unknown,,Office areas,Two-way (divided with broken lines road marking),Tangent road with mild grade and flat terrain,No junction,Asphalt roads,Dry,Daylight,Normal,Vehicle with vehicle collision,4,3,Going straight,na,na,na,na,Driver,Normal,Not a Pedestrian,Moving Backward,Serious Injury,1900-01-01 20:30:00,20,30,1,1,14,1,1
9:35:00,Tuesday,18-30,Male,Elementary school,Owner,5-10yr,Lorry (41?100Q),Owner,Unknown,,Office areas,Double carriageway (median),Tangent road with flat terrain,No junction,Asphalt roads,Wet or damp,Daylight,Other,Vehicle with vehicle collision,2,1,Going straight,na,na,na,na,Driver,Normal,Not a Pedestrian,No distancing,Slight Injury,1900-01-01 09:35:00,9,35,0,0,7,1,0
9:35:00,Tuesday,31-50,Male,Elementary school,Employee,Below 1yr,Lorry (41?100Q),Organization,5-10yrs,No defect, Church areas,Two-way (divided with broken lines road marking),Tangent road with flat terrain,No junction,Asphalt roads,Wet or damp,Daylight,Other,Rollover,2,1,Going straight,Driver or rider,Male,31-50,3,Self-employed,Normal,Not a Pedestrian,Changing lane to the right,Slight Injury,1900-01-01 09:35:00,9,35,0,0,0,1,0
14:11:00,Wednesday,18-30,Male,Junior high school,Employee,5-10yr,Public (12 seats),Organization,2-5yrs,No defect,Other,Undivided Two way,Tangent road with mountainous terrain and,No junction,Asphalt roads,Dry,Daylight,Normal,Vehicle with vehicle collision,1,1,Going straight,Pedestrian,Female,Under 18,3,Self-employed,Normal,Not a Pedestrian,Moving Backward,Slight Injury,1900-01-01 14:11:00,14,11,0,0,0,1,0
14:45:00,Thursday,Unknown,Male,Elementary school,Owner,5-10yr,Other,Owner,Unknown,No defect,Other,Undivided Two way,Tangent road with flat terrain,Y Shape,Asphalt roads,Dry,Daylight,Normal,Vehicle with vehicle collision,3,1,Going straight,Pedestrian,Female,Over 51,3,Self-employed,Normal,Not a Pedestrian,No distancing,Slight Injury,1900-01-01 14:45:00,14,45,0,0,7,1,0
14:45:00,Thursday,31-50,Male,Junior high school,Employee,2-5yr,Lorry (41?100Q),Owner,Unknown,No defect, Church areas,Undivided Two way,Tangent road with flat terrain,Y Shape,Asphalt roads,Dry,Daylight,Normal,Vehicle with vehicle collision,3,1,Going straight,na,na,na,na,Driver,Normal,Not a Pedestrian,Driving to the left,Slight Injury,1900-01-01 14:45:00,14,45,0,0,0,1,0
14:45:00,Thursday,Over 51,Male,Junior high school,Employee,Above 10yr,Automobile,Owner,5-10yrs,No defect, Industrial areas,Two-way (divided with broken lines road marking),Tangent road with mild grade and flat terrain,Y Shape,Asphalt roads,Dry,Daylight,Normal,Collision with pedestrians,3,1,Going straight,Driver or rider,Male,31-50,3,,Normal,Not a Pedestrian,Driving to the left,Slight Injury,1900-01-01 14:45:00,14,45,0,0,0,1,0
1:50:00,Sunday,Unknown,Female,Junior high school,Employee,5-10yr,Other,Owner,Unknown,No defect,Office areas,Undivided Two way,Tangent road with flat terrain,No junction,Asphalt roads,Dry,Darkness - lights lit,Normal,Vehicle with vehicle collision,1,1,Going straight,Pedestrian,Male,Over 51,2,,Normal,Not a Pedestrian,Moving Backward,Serious Injury,1900-01-01 01:50:00,1,50,1,1,24,1,1
22:45:00,Saturday,18-30,Male,High school,Employee,1-2yr,Motorcycle,Owner,Unknown,No defect,School areas,Undivided Two way,Tangent road with flat terrain,No junction,Asphalt roads,Dry,Darkness - lights lit,Normal,Collision with roadside objects,2,4,Going straight,Driver or rider,Male,Under 18,3,Self-employed,Normal,Not a Pedestrian,Moving Backward,Slight Injury,1900-01-01 22:45:00,22,45,1,1,14,1,0
22:45:00,Saturday,18-30,Male,Elementary school,Employee,5-10yr,Automobile,Owner,Unknown,No defect,Other,Undivided Two way,Tangent road with flat terrain,No junction,Other,Dry,Darkness - lights lit,Normal,Vehicle with vehicle collision,2,4,Moving Backward,Pedestrian,Female,18-30,3,Driver,Normal,Not a Pedestrian,Overtaking,Slight Injury,1900-01-01 22:45:00,22,45,1,1,35,1,0
22:45:00,Saturday,18-30,Male,Elementary school,Employee,2-5yr,Automobile,Owner,Unknown,No defect, Church areas,One way,Tangent road with flat terrain,No junction,Asphalt roads,Dry,Darkness - lights lit,Normal,Rollover,2,4,Moving Backward,Driver or rider,Male,18-30,3,Employee,Normal,Not a Pedestrian,Driving carelessly,Slight Injury,1900-01-01 22:45:00,22,45,1,1,35,1,0
22:45:00,Saturday,18-30,Male,Junior high school,Employee,Below 1yr,Lorry (41?100Q),Owner,Unknown,No defect,Office areas,Undivided Two way,Tangent road with flat terrain,No junction,Asphalt roads,Dry,Darkness - lights lit,Normal,Vehicle with vehicle collision,2,4,Turnover,Driver or rider,Male,31-50,3,Other,Normal,Not a Pedestrian,Changing lane to the left,Slight Injury,1900-01-01 22:45:00,22,45,1,1,35,1,0
21:10:00,Friday,31-50,Male,Junior high school,Employee,Below 1yr,Automobile,Owner,Unknown,No defect,Other,other,Steep grade downward with mountainous terrain,No junction,Asphalt roads,Dry,Darkness - lights lit,Normal,Vehicle with vehicle collision,4,1,Other,na,na,na,na,Driver,Normal,Not a Pedestrian,Driving under the influence of drugs,Slight Injury,1900-01-01 21:10:00,21,10,1,0,-1,0,0
21:10:00,Friday,Unknown,Female,Junior high school,Employee,5-10yr,Public (> 45 seats),Owner,2-5yrs,No defect,Other,other,Tangent road with flat terrain,No junction,Asphalt roads,Dry,Darkness - lights lit,Normal,Vehicle with vehicle collision,4,1,Other,Driver or rider,Male,18-30,3,Driver,Normal,Not a Pedestrian,No distancing,Slight Injury,1900-01-01 21:10:00,21,10,1,0,-1,0,0
21:10:00,Friday,Unknown,Female,Junior high school,Owner,5-10yr,Lorry (41?100Q),Owner,Unknown,,Other,Two-way (divided with broken lines road marking),Tangent road with flat terrain,No junction,Asphalt roads,Dry,Darkness - lights lit,Normal,Vehicle with vehicle collision,4,1,Going straight,Driver or rider,Male,18-30,3,Driver,Normal,Not a Pedestrian,Moving Backward,Slight Injury,1900-01-01 21:10:00,21,10,1,0,39,1,0
21:10:00,Friday,Unknown,Female,Elementary school,Employee,1-2yr,Public (> 45 seats),Owner,2-5yrs,,Other,One way,Tangent road with flat terrain,No junction,Asphalt roads,Dry,Darkness - lights lit,Normal,Vehicle with vehicle collision,4,1,Going straight,na,na,na,na,,Normal,Not a Pedestrian,Changing lane to the left,Slight Injury,1900-01-01 21:10:00,21,10,1,0,39,1,0
9:51:00,Saturday,31-50,Male,Junior high school,Employee,,Lorry (41?100Q),Owner,Above 10yr,No defect, Church areas,Two-way (divided with broken lines road marking),Tangent road with mild grade and flat terrain,No junction,Asphalt roads,Dry,Daylight,Normal,Collision with roadside objects,2,1,Other,Driver or rider,Male,Over 51,3,Employee,Normal,Not a Pedestrian,Changing lane to the right,Slight Injury,1900-01-01 09:51:00,9,51,0,1,5,1,0
9:51:00,Saturday,Over 51,Male,Elementary school,Employee,Above 10yr,Lorry (41?100Q),Governmental,2-5yrs,No defect,Residential areas,Two-way (divided with broken lines road marking),Tangent road with flat terrain,No junction,Asphalt roads,Dry,Daylight,Normal,Vehicle with vehicle collision,2,1,Other,na,na,na,na,,Normal,Not a Pedestrian,No distancing,Slight Injury,1900-01-01 09:51:00,9,51,0,1,36,1,0
21:25:00,Thursday,Under 18,Male,Junior high school,Owner,1-2yr,Lorry (41?100Q),Owner,2-5yrs,No defect,Office areas,Two-way (divided with broken lines road marking),Tangent road with mild grade and flat terrain,No junction,Asphalt roads,Dry,Darkness - lights lit,Other,Vehicle with vehicle collision,2,1,Going straight,na,na,na,na,,Normal,Not a Pedestrian,Driving at high speed,Slight Injury,1900-01-01 21:25:00,21,25,1,0,8,1,0
21:25:00,Thursday,Unknown,Male,,,,Public (12 seats),Owner,2-5yrs,No defect,Other,Two-way (divided with broken lines road marking),Tangent road with flat terrain,No junction,Asphalt roads,Dry,Darkness - lights lit,Other,Collision with roadside objects,2,1,Reversing,Driver or rider,Male,Under 18,2,,Normal,Not a Pedestrian,Changing lane to the right,Slight Injury,1900-01-01 21:25:00,21,25,1,0,41,1,0
16:48:00,Sunday,Unknown,Male,Junior high school,Employee,Above 10yr,Public (12 seats),Owner,2-5yrs,No defect,Office areas,Two-way (divided with broken lines road marking),Tangent road with mild grade and flat terrain,Crossing,Earth roads,Dry,Daylight,Normal,Collision with roadside objects,2,1,Other,Driver or rider,Male,31-50,3,,,Not a Pedestrian,No priority to vehicle,Serious Injury,1900-01-01 16:48:00,16,48,0,1,29,1,1
16:48:00,Sunday,31-50,Male,Elementary school,Owner,2-5yr,Stationwagen,Owner,2-5yrs,No defect,Other,Two-way (divided with broken lines road marking),Tangent road with flat terrain,Crossing,Asphalt roads,Dry,Daylight,Normal,Vehicle with vehicle collision,2,1,Turnover,na,na,na,na,Driver,Normal,Not a Pedestrian,No distancing,Serious Injury,1900-01-01 16:48:00,16,48,0,1,18,1,1
15:42:00,Thursday,18-30,Male,Junior high school,Employee,5-10yr,Lorry (41?100Q),Owner,1-2yr,No defect, Church areas,Undivided Two way,Tangent road with flat terrain,No junction,,Dry,Daylight,Normal,Vehicle with vehicle collision,1,1,Going straight,Driver or rider,Male,18-30,3,Self-employed,Normal,Not a Pedestrian,Turnover,Slight Injury,1900-01-01 15:42:00,15,42,0,0,0,1,0
0:29:00,Wednesday,18-30,Male,Junior high school,Employee,Below 1yr,Automobile,Owner,Unknown,No defect,Office areas,Two-way (divided with broken lines road marking),Tangent road with flat terrain,No junction,,Dry,Darkness - lights lit,Normal,Vehicle with vehicle collision,2,2,Going straight,na,na,na,na,,,Not a Pedestrian,No distancing,Slight Injury,1900-01-01 00:29:00,0,29,1,0,-1,0,0
0:29:00,Wednesday,Under 18,Male,Junior high school,Employee,5-10yr,Pick up upto 10Q,Owner,Unknown,No defect,Other,Two-way (divided with broken lines road marking),Tangent road with flat terrain,No junction,Asphalt roads,Dry,Darkness - lights lit,Normal,Vehicle with vehicle collision,2,2,Going straight,Pedestrian,Female,18-30,3,Driver,Normal,Not a Pedestrian,Changing lane to the right,Slight Injury,1900-01-01 00:29:00,0,29,1,0,-1,0,0