Time,Day_of_week,Age_band_of_driver,Sex_of_driver,Educational_level,Vehicle_driver_relation,Driving_experience,Type_of_vehicle,Owner_of_vehicle,Service_year_of_vehicle,Defect_of_vehicle,Area_accident_occured,Lanes_or_Medians,Road_allignment,Types_of_Junction,Road_surface_type,Road_surface_conditions,Light_conditions,Weather_conditions,Type_of_collision,Number_of_vehicles_involved,Number_of_casualties,Vehicle_movement,Casualty_class,Sex_of_casualty,Age_band_of_casualty,Casualty_severity,Work_of_casuality,Fitness_of_casuality,Pedestrian_movement,Cause_of_accident,Accident_severity,Time_parsed,hour,minute,Is_night,Is_weekend,hotspot_cluster,is_hotspot,is_severe
14:10:00,Wednesday,Over 51,Male,Junior high school,Owner,2-5yr,Automobile,Owner,Unknown,No defect,School areas,Double carriageway (median),Tangent road with flat terrain,No junction,Asphalt roads,Dry,Daylight,Normal,Vehicle with vehicle collision,2,1,Moving Backward,Driver or rider,Male,Over 51,3,,,Not a Pedestrian,No priority to pedestrian,Slight Injury,1900-01-01 14:10:00,14,10,0,0,3,1,0
14:00:00,Friday,31-50,Male,Elementary school,Owner,Above 10yr,Other,Owner,Unknown,No defect,School areas,Double carriageway (median),Tangent road with flat terrain,Y Shape,Asphalt roads,Wet or damp,Daylight,Normal,Collision with roadside objects,2,1,Moving Backward,na,na,na,na,Self-employed,NormalNormal,Not a Pedestrian,Changing lane to the left,Slight Injury,1900-01-01 14:00:00,14,0,0,0,2,1,0
14:00:00,Friday,31-50,Male,Writing & reading,Owner,5-10yr,Public (12 seats),Owner,2-5yrs,No defect,School areas,Undivided Two way,Tangent road with flat terrain,Y Shape,Asphalt roads,Wet or damp,Daylight,Normal,Vehicle with vehicle collision,2,1,Moving Backward,Driver or rider,Male,18-30,3,Driver,Normal,Not a Pedestrian,No distancing,Slight Injury,1900-01-01 14:00:00,14,0,0,0,42,1,0
22:05:00,Tuesday,Unknown,Female,,Owner,,Stationwagen,Owner,Unknown,No defect,Residential areas,One way,Tangent road with flat terrain,Crossing,Gravel roads,Wet or damp,Darkness - lights lit,Normal,Vehicle with vehicle collision,2,1,Other,na,na,na,na,Driver,Normal,Not a Pedestrian,Driving carelessly,Slight Injury,1900-01-01 22:05:00,22,5,1,0,-1,0,0
22:05:00,Tuesday,Over 51,Male,Junior high school,Owner,5-10yr,Lorry (41?100Q),Owner,Unknown,No defect,Other,Undivided Two way,Tangent road with flat terrain,Crossing,Asphalt roads,Wet or damp,Darkness - lights lit,Normal,Collision with pedestrians,2,1,Going straight,Driver or rider,Female,31-50,3,Other,Normal,Not a Pedestrian,No distancing,Slight Injury,1900-01-01 22:05:00,22,5,1,0,-1,0,0
7:00:00,Thursday,18-30,Male,Junior high school,Owner,Below 1yr,Lorry (41?100Q),Owner,Unknown,No defect,Office areas,Two-way (divided with broken lines road marking),Tangent road with flat terrain,Y Shape,Asphalt roads,Wet or damp,Darkness - lights lit,Windy,Vehicle with vehicle collision,2,1,Unknown,na,na,na,na,,,Not a Pedestrian,Changing lane to the right,Slight Injury,1900-01-01 07:00:00,7,0,0,0,-1,0,0
7:00:00,Thursday,31-50,Male,Junior high school,Owner,2-5yr,Lorry (41?100Q),Owner,5-10yrs,No defect,Other,Two-way (divided with broken lines road marking),Tangent road with flat terrain,Y Shape,Asphalt roads,Wet or damp,Darkness - lights lit,Windy,Vehicle with vehicle collision,2,1,Turnover,na,na,na,na,,,Not a Pedestrian,Overtaking,Slight Injury,1900-01-01 07:00:00,7,0,0,0,3,1,0
7:35:00,Thursday,18-30,Male,Elementary school,Employee,2-5yr,Automobile,Owner,Above 10yr,No defect,School areas,Undivided Two way,Tangent road with flat terrain,Y Shape,Asphalt roads,Wet or damp,Darkness - lights lit,Raining,Collision with pedestrians,2,1,Getting off,Driver or rider,Male,Under 18,3,Other,Normal,Not a Pedestrian,Driving carelessly,Slight Injury,1900-01-01 07:35:00,7,35,0,0,-1,0,0
7:35:00,Thursday,31-50,Male,Junior high school,Employee,2-5yr,Lorry (41?100Q),Owner,5-10yrs,No defect,Other,Double carriageway (median),Tangent road with flat terrain,Y Shape,Asphalt roads,Wet or damp,Darkness - lights lit,Raining,Collision with pedestrians,2,1,Going straight,Passenger,Female,5,3,Driver,Normal,Not a Pedestrian,Moving Backward,Slight Injury,1900-01-01 07:35:00,7,35,0,0,0,1,0
8:43:00,Wednesday,31-50,Male,Junior high school,Employee,2-5yr,,Owner,2-5yrs,No defect, Industrial areas,Two-way (divided with broken lines road marking),Tangent road with flat terrain,Y Shape,Asphalt roads,Wet or damp,Daylight,Raining,Collision with pedestrians,2,2,Going straight,na,na,na,na,Driver,Normal,Not a Pedestrian,No distancing,Slight Injury,1900-01-01 08:43:00,8,43,0,0,7,1,0
8:43:00,Wednesday,31-50,Male,Junior high school,Employee,5-10yr,Public (12 seats),Owner,2-5yrs,No defect,Other,Two-way (divided with broken lines road marking),Tangent road with flat terrain,Y Shape,Asphalt roads,Wet or damp,Daylight,Raining,Collision with roadside objects,2,2,Going straight,Driver or rider,Female,18-30,3,,,Not a Pedestrian,Overtaking,Slight Injury,1900-01-01 08:43:00,8,43,0,0,0,1,0
16:05:00,Tuesday,Over 51,Male,Junior high school,Employee,5-10yr,Automobile,Owner,Unknown,No defect,Office areas,Two-way (divided with broken lines road marking),Tangent road with flat terrain,Y Shape,Asphalt roads,Wet or damp,Daylight,Normal,Vehicle with vehicle collision,1,1,Turnover,na,na,na,na,Driver,Normal,Not a Pedestrian,Driving carelessly,Serious Injury,1900-01-01 16:05:00,16,5,0,0,3,1,1
22:05:00,Friday,18-30,Male,Junior high school,Employee,Above 10yr,Stationwagen,Owner,Unknown,No defect,Other,Two-way (divided with broken lines road marking),Tangent road with flat terrain,Y Shape,Asphalt roads,Wet or damp,Darkness - lights lit,Raining,Vehicle with vehicle collision,2,3,Reversing,na,na,na,na,,,Not a Pedestrian,Driving carelessly,Serious Injury,1900-01-01 22:05:00,22,5,1,0,-1,0,1
22:05:00,Friday,18-30,Male,Elementary school,Employee,5-10yr,Automobile,Owner,Unknown,No defect,Other,Two-way (divided with broken lines road marking),Tangent road with flat terrain,Y Shape,Asphalt roads,Wet or damp,Darkness - lights lit,Raining,Vehicle with vehicle collision,2,3,Moving Backward,Driver or rider,Male,31-50,3,Driver,Normal,Not a Pedestrian,Moving Backward,Serious Injury,1900-01-01 22:05:00,22,5,1,0,-1,0,1
22:05:00,Friday,18-30,Male,Junior high school,Employee,5-10yr,Lorry (41?100Q),Organization,Above 10yr,No defect, Outside rural areas,Undivided Two way,Tangent road with flat terrain,Y Shape,Asphalt roads,Wet or damp,Darkness - lights lit,Raining,Vehicle with vehicle collision,2,3,Other,Pedestrian,Female,18-30,2,Driver,Normal,Crossing from driver's nearside,Driving carelessly,Serious Injury,1900-01-01 22:05:00,22,5,1,0,-1,0,1
22:05:00,Friday,18-30,Male,Junior high school,Employee,Above 10yr,Other,Owner,Unknown,No defect,Other,other,Tangent road with flat terrain,Y Shape,Asphalt roads,Wet or damp,Darkness - lights lit,Raining,Vehicle with vehicle collision,2,3,Going straight,na,na,na,na,,,Not a Pedestrian,Driving to the left,Serious Injury,1900-01-01 22:05:00,22,5,1,0,-1,0,1
3:40:00,Saturday,18-30,Male,Elementary school,Owner,,Pick up upto 10Q,Owner,Above 10yr,No defect,Residential areas,Two-way (divided with broken lines road marking),Tangent road with flat terrain,Y Shape,Asphalt roads,Wet or damp,Darkness - lights lit,Windy,Vehicle with vehicle collision,1,1,Going straight,Driver or rider,Male,18-30,3,,,Not a Pedestrian,Changing lane to the left,Slight Injury,1900-01-01 03:40:00,3,40,1,1,-1,0,0
9:25:00,Tuesday,Over 51,Male,Junior high school,Owner,5-10yr,,Owner,Above 10yr,,Office areas,Two-way (divided with broken lines road marking),Tangent road with flat terrain,Crossing,Asphalt roads,Dry,Daylight,Normal,Collision with pedestrians,6,1,Going straight,Passenger,Female,31-50,3,,,Not a Pedestrian,No distancing,Slight Injury,1900-01-01 09:25:00,9,25,0,0,7,1,0
9:25:00,Tuesday,Unknown,Female,Junior high school,Employee,5-10yr,Lorry (41?100Q),Owner,Unknown,,Office areas,Double carriageway (median),Tangent road with flat terrain,Crossing,Asphalt roads,Dry,Daylight,Normal,Collision with roadside objects,6,1,Going straight,Driver or rider,Female,Over 51,3,,,Not a Pedestrian,No distancing,Slight Injury,1900-01-01 09:25:00,9,25,0,0,7,1,0
9:25:00,Tuesday,Unknown,Female,Junior high school,Employee,Below 1yr,Automobile,,2-5yrs,, Hospital areas,One way,,Crossing,Asphalt roads,Dry,Daylight,Normal,Vehicle with vehicle collision,6,1,Going straight,na,na,na,na,Other,Normal,Not a Pedestrian,Changing lane to the right,Slight Injury,1900-01-01 09:25:00,9,25,0,0,0,1,0
9:25:00,Tuesday,Unknown,Female,,,,Public (13?45 seats),Owner,Unknown,, Industrial areas,Two-way (divided with broken lines road marking),Tangent road with flat terrain,Crossing,Asphalt roads,Dry,Daylight,Normal,Vehicle with vehicle collision,6,1,Going straight,na,na,na,na,Self-employed,Normal,Not a Pedestrian,Driving under the influence of drugs,Slight Injury,1900-01-01 09:25:00,9,25,0,0,0,1,0
9:25:00,Tuesday,Unknown,Female,Junior high school,Employee,5-10yr,Automobile,Owner,2-5yrs,No defect,Other,Undivided Two way,Tangent road with flat terrain,Crossing,Asphalt roads,Dry,Daylight,Normal,Vehicle with vehicle collision,6,1,Going straight,na,na,na,na,,,Not a Pedestrian,Changing lane to the right,Slight Injury,1900-01-01 09:25:00,9,25,0,0,0,1,0
9:25:00,Tuesday,Unknown,Female,Junior high school,Employee,5-10yr,Lorry (41?100Q),Owner,,,Office areas,Undivided Two way,Tangent road with flat terrain,Crossing,Asphalt roads,Dry,Daylight,Normal,Vehicle with vehicle collision,6,1,Going straight,Driver or rider,Male,31-50,3,Student,Normal,Not a Pedestrian,Changing lane to the left,Slight Injury,1900-01-01 09:25:00,9,25,0,0,0,1,0
7:58:00,Thursday,Under 18,Male,Junior high school,Employee,Above 10yr,Public (12 seats),Owner,Unknown,No defect,Office areas,other,Tangent road with flat terrain,Y Shape,Asphalt roads,Wet or damp,Daylight,Raining,With Train,2,2,Going straight,Driver or rider,Male,31-50,3,Other,Normal,Not a Pedestrian,Moving Backward,Slight Injury,1900-01-01 07:58:00,7,58,0,0,0,1,0
7:58:00,Thursday,18-30,Male,High school,Employee,Above 10yr,Motorcycle,Owner,Unknown,,Residential areas,Two-way (divided with broken lines road marking),Tangent road with flat terrain,Y Shape,Asphalt roads,Wet or damp,Daylight,Raining,Vehicle with vehicle collision,2,2,Other,na,na,na,na,Driver,Normal,Not a Pedestrian,No distancing,Slight Injury,1900-01-01 07:58:00,7,58,0,0,50,1,0
20:15:00,Tuesday,18-30,Male,Junior high school,Employee,Above 10yr,Public (12 seats),Owner,Unknown,,Residential areas,,Tangent road with flat terrain,O Shape,Other,Wet or damp,Darkness - no lighting,Raining,Vehicle with vehicle collision,2,1,Moving Backward,Driver or rider,Male,31-50,3,Other,Normal,Not a Pedestrian,Changing lane to the right,Slight Injury,1900-01-01 20:15:00,20,15,1,0,-1,0,0
20:15:00,Tuesday,18-30,Male,Junior high school,Employee,Above 10yr,Lorry (41?100Q),Owner,Unknown,No defect,School areas,Two-way (divided with broken lines road marking),Tangent road with flat terrain,O Shape,,Wet or damp,Darkness - no lighting,Raining,Vehicle with vehicle collision,2,1,Going straight,na,na,na,na,Driver,Normal,Not a Pedestrian,Moving Backward,Slight Injury,1900-01-01 20:15:00,20,15,1,0,8,1,0
17:10:00,Tuesday,18-30,Male,Junior high school,Employee,Above 10yr,Automobile,Governmental,Unknown,No defect,Other,Two-way (divided with broken lines road marking),Tangent road with flat terrain,Y Shape,Asphalt roads,Wet or damp,Darkness - lights lit,Normal,Vehicle with vehicle collision,2,2,Moving Backward,Driver or rider,Male,18-30,3,Other,Normal,Not a Pedestrian,No distancing,Slight Injury,1900-01-01 17:10:00,17,10,0,0,-1,0,0
17:10:00,Tuesday,31-50,Male,Junior high school,Employee,Above 10yr,Lorry (41?100Q),Governmental,Unknown,No defect,  Market areas,Undivided Two way,Tangent road with flat terrain,Y Shape,Asphalt roads,Wet or damp,Darkness - lights lit,Normal,Vehicle with vehicle collision,2,2,Going straight,Passenger,Female,18-30,2,,Normal,Not a Pedestrian,Driving to the left,Slight Injury,1900-01-01 17:10:00,17,10,0,0,0,1,0
17:10:00,Tuesday,31-50,Male,Junior high school,Employee,5-10yr,Stationwagen,Owner,Unknown,No defect,Office areas,other,Tangent road with flat terrain,Y Shape,Asphalt roads,Wet or damp,Darkness - lights lit,Normal,Vehicle with vehicle collision,2,2,Moving Backward,na,na,na,na,Driver,Normal,Not a Pedestrian,Driving to the left,Slight Injury,1900-01-01 17:10:00,17,10,0,0,3,1,0
15:30:00,Saturday,Unknown,Female,Junior high school,Employee,2-5yr,Pick up upto 10Q,Owner,Unknown,No defect, Church areas,Two-way (divided with broken lines road marking),Tangent road with flat terrain,Y Shape,Asphalt roads,Wet or damp,Daylight,Normal,Vehicle with vehicle collision,2,2,,Driver or rider,Male,31-50,3,Driver,Normal,Not a Pedestrian,Moving Backward,Slight Injury,1900-01-01 15:30:00,15,30,0,1,26,1,0
15:30:00,Saturday,18-30,Male,Junior high school,Employee,Below 1yr,Automobile,Governmental,Unknown,No defect, Church areas,Two-way (divided with broken lines road marking),Tangent road with flat terrain,Y Shape,Asphalt roads,Wet or damp,Daylight,Normal,Vehicle with vehicle collision,2,2,Going straight,na,na,na,na,Self-employed,Normal,Not a Pedestrian,Moving Backward,Slight Injury,1900-01-01 15:30:00,15,30,0,1,11,1,0
9:47:00,Saturday,18-30,Male,Junior high school,Employee,Below 1yr,Automobile,Owner,Unknown,No defect,Residential areas,Double carriageway (median),Tangent road with flat terrain,Crossing,Asphalt roads,Wet or damp,Daylight,Raining,Vehicle with vehicle collision,3,1,Going straight,Pedestrian,Female,Over 51,3,,,Crossing from nearside - masked by parked or statioNot a Pedestrianry vehicle,Overtaking,Slight Injury,1900-01-01 09:47:00,9,47,0,1,11,1,0
9:47:00,Saturday,Over 51,Male,Junior high school,Employee,2-5yr,,Owner,Above 10yr,No defect,Residential areas,Two-way (divided with broken lines road marking),Tangent road with flat terrain,Crossing,Asphalt roads,Wet or damp,Daylight,Raining,Collision with pedestrians,3,1,Going straight,Pedestrian,Female,31-50,3,,,Crossing from nearside - masked by parked or statioNot a Pedestrianry vehicle,Driving carelessly,Slight Injury,1900-01-01 09:47:00,9,47,0,1,11,1,0
9:47:00,Saturday,31-50,Male,Elementary school,Employee,Below 1yr,Other,Owner,Unknown,No defect,Residential areas,Double carriageway (median),Tangent road with flat terrain,Crossing,Asphalt roads,Wet or damp,Daylight,Raining,Collision with roadside objects,3,1,Going straight,na,na,na,na,Employee,Normal,Not a Pedestrian,Changing lane to the left,Slight Injury,1900-01-01 09:47:00,9,47,0,1,11,1,0
11:19:00,Monday,18-30,Female,Junior high school,Employee,Below 1yr,Automobile,Owner,Above 10yr,No defect,Residential areas,Two-way (divided with broken lines road marking),Tangent road with flat terrain,No junction,Asphalt roads,Dry,Daylight,Normal,Collision with roadside objects,2,1,Other,Driver or rider,Male,18-30,3,Driver,Normal,Not a Pedestrian,Driving under the influence of drugs,Serious Injury,1900-01-01 11:19:00,11,19,0,0,3,1,1
11:19:00,Monday,Over 51,Female,Junior high school,Employee,,Public (13?45 seats),Owner,1-2yr,No defect,Other,Double carriageway (median),Tangent road with flat terrain,No junction,Asphalt roads,Dry,Daylight,Normal,Vehicle with vehicle collision,2,1,Going straight,Driver or rider,Female,18-30,3,Other,Normal,Not a Pedestrian,No distancing,Serious Injury,1900-01-01 11:19:00,11,19,0,0,7,1,1
13:13:00,Friday,Unknown,Female,,Employee,5-10yr,Public (13?45 seats),Owner,Unknown,No defect,Other,Two-way (divided with broken lines road marking),Tangent road with flat terrain,No junction,Asphalt roads,Dry,Daylight,Normal,Vehicle with vehicle collision,2,1,Moving Backward,na,na,na,na,Driver,Normal,Not a Pedestrian,Moving Backward,Slight Injury,1900-01-01 13:13:00,13,13,0,0,21,1,0
13:13:00,Friday,18-30,Male,Writing & reading,Employee,Below 1yr,Automobile,Owner,2-5yrs,No defect,Residential areas,Two-way (divided with broken lines road marking),Tangent road with flat terrain,No junction,Asphalt roads,Dry,Daylight,Normal,Vehicle with vehicle collision,2,1,Moving Backward,na,na,na,na,Driver,Normal,Not a Pedestrian,Changing lane to the left,Slight Injury,1900-01-01 13:13:00,13,13,0,0,21,1,0
15:55:00,Thursday,18-30,Male,Junior high school,Employee,Below 1yr,Public (12 seats),Owner,Unknown,No defect,Other,other,Tangent road with flat terrain,Y Shape,Other,Wet or damp,Daylight,Raining,Vehicle with vehicle collision,2,3,Moving Backward,Passenger,Female,31-50,3,Driver,Normal,Not a Pedestrian,Changing lane to the right,Slight Injury,1900-01-01 15:55:00,15,55,0,0,3,1,0
15:55:00,Thursday,18-30,Male,Junior high school,Employee,1-2yr,Public (12 seats),Owner,Unknown,No defect, Church areas,Undivided Two way,Tangent road with flat terrain,Y Shape,Asphalt roads,Wet or damp,Daylight,Raining,Vehicle with vehicle collision,2,3,Going straight,Pedestrian,Male,18-30,3,Driver,Normal,Crossing from driver's nearside,No distancing,Slight Injury,1900-01-01 15:55:00,15,55,0,0,7,1,0
15:55:00,Thursday,31-50,Male,Elementary school,Employee,Above 10yr,Lorry (41?100Q),Owner,Unknown,No defect,Other,Undivided Two way,Tangent road with flat terrain,Y Shape,Asphalt roads,Wet or damp,Daylight,Raining,Collision with roadside objects,2,3,Going straight,na,na,na,na,Driver,Normal,Not a Pedestrian,Driving at high speed,Slight Injury,1900-01-01 15:55:00,15,55,0,0,0,1,0
10:47:00,Thursday,31-50,Male,Elementary school,Employee,Above 10yr,Automobile,Owner,Unknown,No defect,Office areas,Undivided Two way,Tangent road with flat terrain,Y Shape,Asphalt roads,Wet or damp,Daylight,Normal,Vehicle with vehicle collision,2,2,Going straight,Driver or rider,Male,31-50,3,Driver,Normal,Not a Pedestrian,Changing lane to the right,Slight Injury,1900-01-01 10:47:00,10,47,0,0,0,1,0
10:47:00,Thursday,31-50,Male,Elementary school,Employee,Below 1yr,Pick up upto 10Q,Owner,2-5yrs,No defect,Office areas,Two-way (divided with broken lines road marking),Tangent road with flat terrain,Y Shape,Asphalt roads,Wet or damp,Daylight,Normal,Vehicle with vehicle collision,2,2,Going straight,Driver or rider,Male,31-50,3,Driver,Normal,Not a Pedestrian,No priority to vehicle,Slight Injury,1900-01-01 10:47:00,10,47,0,0,0,1,0
15:00:00,Thursday,18-30,Male,High school,Employee,2-5yr,Pick up upto 10Q,Owner,,,Residential areas,Undivided Two way,Tangent road with flat terrain,No junction,Asphalt roads,Dry,Daylight,Normal,Vehicle with vehicle collision,2,1,Other,na,na,na,na,Driver,Normal,Not a Pedestrian,No distancing,Slight Injury,1900-01-01 15:00:00,15,0,0,0,10,1,0
15:00:00,Thursday,18-30,Male,Junior high school,Employee,2-5yr,Lorry (41?100Q),Owner,Unknown,,Other,Two-way (divided with broken lines road marking),Tangent road with flat terrain,No junction,Asphalt roads,Dry,Daylight,Normal,Vehicle with vehicle collision,2,1,Going straight,Pedestrian,Female,31-50,3,,Normal,Crossing from driver's nearside,Turnover,Slight Injury,1900-01-01 15:00:00,15,0,0,0,0,1,0
18:40:00,Thursday,18-30,Male,Above high school,Employee,Above 10yr,Automobile,Owner,Above 10yr,, Industrial areas,Undivided Two way,Tangent road with flat terrain,Y Shape,Asphalt roads,Wet or damp,Darkness - lights lit,Raining,Vehicle with vehicle collision,1,1,Going straight,na,na,na,na,,Normal,Not a Pedestrian,No distancing,Slight Injury,1900-01-01 18:40:00,18,40,0,0,7,1,0
3:55:00,Monday,18-30,Male,Junior high school,Employee,2-5yr,Stationwagen,Owner,Unknown,,Office areas,Two-way (divided with broken lines road marking),Tangent road with flat terrain,No junction,Asphalt roads,Wet or damp,Darkness - lights lit,Raining and Windy,Vehicle with vehicle collision,2,2,Going straight,Driver or rider,Male,18-30,3,,Normal,Not a Pedestrian,Changing lane to the right,Slight Injury,1900-01-01 03:55:00,3,55,1,0,-1,0,0
3:55:00,Monday,18-30,Male,Junior high school,Employee,2-5yr,Motorcycle,Organization,Unknown,,  Recreational areas,Two-way (divided with broken lines road marking),Tangent road with flat terrain,No junction,Asphalt roads,Wet or damp,Darkness - lights lit,Raining and Windy,Collision with pedestrians,2,2,Reversing,na,na,na,na,,Normal,Not a Pedestrian,No distancing,Slight Injury,1900-01-01 03:55:00,3,55,1,0,-1,0,0
3:55:00,Monday,18-30,Male,High school,Employee,1-2yr,,Owner,1-2yr,No defect,Residential areas,Two-way (divided with broken lines road marking),Tangent road with flat terrain,No junction,Other,Wet or damp,Darkness - lights lit,Raining and Windy,Collision with pedestrians,2,2,Moving Backward,Driver or rider,Male,18-30,3,,Normal,Not a Pedestrian,Changing lane to the left,Slight Injury,1900-01-01 03:55:00,3,55,1,0,-1,0,0
17:45:00,Sunday,31-50,Unknown,Junior high school,Employee,5-10yr,Other,Owner,Above 10yr,,Residential areas,Undivided Two way,Tangent road with flat terrain,Crossing,Asphalt roads,Dry,Darkness - lights lit,Normal,Collision with roadside objects,2,3,Going straight,Pedestrian,Male,31-50,3,,Normal,Not a Pedestrian,Driving carelessly,Slight Injury,1900-01-01 17:45:00,17,45,0,1,11,1,0
17:45:00,Sunday,18-30,Male,Junior high school,Employee,Below 1yr,Automobile,Owner,5-10yrs,, Church areas,Undivided Two way,Steep grade downward with mountainous terrain,Crossing,Asphalt roads,Dry,Darkness - lights lit,Normal,Collision with pedestrians,2,3,Going straight,Driver or rider,Male,18-30,3,,Normal,Not a Pedestrian,Changing lane to the right,Slight Injury,1900-01-01 17:45:00,17,45,0,1,11,1,0
17:45:00,Sunday,18-30,Male,Junior high school,Employee,Below 1yr,Automobile,Owner,5-10yrs,,Residential areas,Undivided Two way,Tangent road with flat terrain,Crossing,,Dry,Darkness - lights lit,Normal,Vehicle with vehicle collision,2,3,Reversing,na,na,na,na,,Normal,Not a Pedestrian,No priority to vehicle,Slight Injury,1900-01-01 17:45:00,17,45,0,1,-1,0,0
17:45:00,Sunday,18-30,Male,Elementary school,Employee,,,Owner,Unknown,No defect,,other,Tangent road with flat terrain,Crossing,Asphalt roads,Dry,Darkness - lights lit,Normal,Vehicle with vehicle collision,2,3,Going straight,Driver or rider,Male,18-30,3,Driver,,Not a Pedestrian,No distancing,Slight Injury,1900-01-01 17:45:00,17,45,0,1,-1,0,0
19:10:00,Friday,31-50,Male,Junior high school,Employee,Below 1yr,Public (> 45 seats),Owner,5-10yrs,No defect,Other,Undivided Two way,Tangent road with flat terrain,Crossing,Asphalt roads,Wet or damp,Darkness - lights lit,Raining,Vehicle with vehicle collision,1,1,Reversing,na,na,na,na,Driver,,Not a Pedestrian,No priority to pedestrian,Slight Injury,1900-01-01 19:10:00,19,10,0,0,-1,0,0
10:13:00,Thursday,31-50,Male,Junior high school,Employee,1-2yr,Automobile,Owner,Unknown,,Other,Two-way (divided with solid lines road marking),Tangent road with flat terrain,Y Shape,Asphalt roads,Dry,Daylight,Normal,Collision with roadside objects,2,1,Other,Driver or rider,Male,18-30,3,Driver,Normal,Not a Pedestrian,No priority to pedestrian,Serious Injury,1900-01-01 10:13:00,10,13,0,0,3,1,1
10:13:00,Thursday,Over 51,Male,Elementary school,Employee,2-5yr,Other,Owner,Unknown,No defect, Church areas,Two-way (divided with solid lines road marking),Tangent road with flat terrain,Y Shape,Earth roads,Dry,Daylight,Normal,Collision with roadside objects,2,1,,na,na,na,na,Driver,Normal,Not a Pedestrian,No priority to vehicle,Serious Injury,1900-01-01 10:13:00,10,13,0,0,3,1,1
9:48:00,Friday,Under 18,Male,High school,Employee,1-2yr,Automobile,Governmental,,No defect,Other,Two-way (divided with solid lines road marking),Tangent road with flat terrain,Crossing,Asphalt roads,Dry,Daylight,Normal,Vehicle with vehicle collision,2,1,Going straight,Pedestrian,Female,18-30,3,Driver,Normal,"In carriageway, statioNot a Pedestrianry - not crossing  (standing or playing)",Changing lane to the left,Slight Injury,1900-01-01 09:48:00,9,48,0,0,15,1,0
9:48:00,Friday,18-30,Male,Junior high school,Employee,5-10yr,Other,Owner,Unknown,No defect, Church areas,Two-way (divided with solid lines road marking),Tangent road with flat terrain,Crossing,Asphalt roads,Dry,Daylight,Normal,Vehicle with vehicle collision,2,1,Going straight,na,na,na,na,,Normal,Not a Pedestrian,Changing lane to the left,Slight Injury,1900-01-01 09:48:00,9,48,0,0,15,1,0
16:20:00,Monday,18-30,Male,Junior high school,Employee,Below 1yr,Lorry (41?100Q),Owner,Unknown,No defect, Church areas,Two-way (divided with broken lines road marking),Tangent road with flat terrain,Y Shape,Asphalt roads,Wet or damp,Darkness - lights lit,Normal,Vehicle with vehicle collision,2,1,Going straight,Driver or rider,Male,31-50,3,Driver,Normal,Not a Pedestrian,No distancing,Slight Injury,1900-01-01 16:20:00,16,20,0,0,7,1,0
16:20:00,Monday,18-30,Male,High school,Employee,Above 10yr,Pick up upto 10Q,Owner,Above 10yr,No defect,Other,Undivided Two way,Tangent road with flat terrain,Y Shape,Asphalt roads,Wet or damp,Darkness - lights lit,Normal,Vehicle with vehicle collision,2,1,Going straight,Pedestrian,Female,Over 51,3,Driver,Normal,Crossing from nearside - masked by parked or statioNot a Pedestrianry vehicle,No priority to vehicle,Slight Injury,1900-01-01 16:20:00,16,20,0,0,0,1,0
19:40:00,Thursday,18-30,Male,Elementary school,Owner,5-10yr,Public (13?45 seats),Governmental,5-10yrs,No defect,Other,Undivided Two way,Tangent road with flat terrain,Y Shape,Asphalt roads,Dry,Darkness - lights lit,Normal,Vehicle with vehicle collision,1,1,Going straight,Pedestrian,Female,18-30,3,Self-employed,Normal,Crossing from nearside - masked by parked or statioNot a Pedestrianry vehicle,No distancing,Slight Injury,1900-01-01 19:40:00,19,40,0,0,27,1,0
16:53:00,Wednesday,18-30,Male,Elementary school,Employee,Below 1yr,Automobile,Owner,5-10yrs,No defect,School areas,other,Tangent road with flat terrain,Y Shape,Asphalt roads,Dry,Darkness - lights lit,Normal,Vehicle with vehicle collision,1,1,Going straight,Driver or rider,Male,31-50,3,Driver,Normal,Not a Pedestrian,No distancing,Slight Injury,1900-01-01 16:53:00,16,53,0,0,27,1,0
12:55:00,Wednesday,31-50,Male,Junior high school,Employee,5-10yr,Pick up upto 10Q,Owner,Above 10yr,No defect,Residential areas,Undivided Two way,Tangent road with flat terrain,No junction,Asphalt roads,Dry,Daylight,Normal,Vehicle with vehicle collision,1,1,Going straight,na,na,na,na,Driver,Normal,Not a Pedestrian,Changing lane to the right,Slight Injury,1900-01-01 12:55:00,12,55,0,0,0,1,0
19:32:00,Friday,31-50,Male,Elementary school,Owner,5-10yr,Automobile,,1-2yr,No defect,Other,Two-way (divided with broken lines road marking),Tangent road with flat terrain,Y Shape,Asphalt roads,Wet or damp,Darkness - lights lit,Raining,Vehicle with vehicle collision,2,2,Going straight,na,na,na,na,Self-employed,Normal,Not a Pedestrian,Changing lane to the left,Slight Injury,1900-01-01 19:32:00,19,32,0,0,4,1,0